uniprot	start	end	Accession	ELMType	ELMIdentifier
A2VCK8	3	21	ELMI001654	LIG	LIG_Actin_WH2_2
A5D8V6	202	209	ELMI002658	LIG	LIG_EF_ALG2_ABM_1
A6NGB9	420	430	ELMI002697	LIG	LIG_WH1
A9UF02	115	122	ELMI002050	DOC	DOC_ANK_TNKS_1
B9EIS4	18	24	ELMI001419	MOD	MOD_PKA_2
O00141	418	423	ELMI001630	DOC	DOC_AGCK_PIF_1
O00192	960	962	ELMI003528	LIG	LIG_PDZ_Wminus1_1
O00198	29	45	ELMI003194	LIG	LIG_BH_BH3_1
O00203	818	822	ELMI000432	LIG	LIG_Clathr_ClatBox_1
O00206	525	530	ELMI000603	MOD	MOD_N-GLC_1
O00206	574	579	ELMI000604	MOD	MOD_N-GLC_1
O00221	156	161	ELMI001305	DEG	DEG_SCF_TRCP1_1
O00257	461	468	ELMI002801	LIG	LIG_SUMO_SIM_anti_2
O00257	461	468	ELMI002768	LIG	LIG_SUMO_SIM_par_1
O00257	472	476	ELMI000255	LIG	LIG_CtBP_PxDLS_1
O00268	764	768	ELMI000251	LIG	LIG_HP1_1
O00291	332	336	ELMI000454	LIG	LIG_Clathr_ClatBox_1
O00401	467	475	ELMI003346	LIG	LIG_GBD_Chelix_1
O00408	1	7	ELMI002310	MOD	MOD_NMyristoyl
O00418	356	363	ELMI003210	MOD	MOD_CDK_SPxxK_3
O00443	256	261	ELMI003240	MOD	MOD_CDK_SPK_2
O00444	302	308	ELMI003384	MOD	MOD_Plk_4
O00444	339	345	ELMI003385	MOD	MOD_Plk_4
O00444	954	960	ELMI003386	MOD	MOD_Plk_4
O00499	362	366	ELMI000298	LIG	LIG_AP2alpha_1
O00499	390	394	ELMI000449	LIG	LIG_Clathr_ClatBox_1
O00499	415	420	ELMI000452	LIG	LIG_Clathr_ClatBox_2
O00499-6	308	314	ELMI002443	LIG	LIG_SH3_3
O00560	3	7	ELMI002343	LIG	LIG_LYPXL_S_1
O00560	45	49	ELMI002344	LIG	LIG_LYPXL_S_1
O00560	49	53	ELMI002345	LIG	LIG_LYPXL_S_1
O00562	348	355	ELMI003557	TRG	TRG_ER_FFAT_1
O00571	38	44	ELMI002103	LIG	LIG_eIF4E_2
O00716	131	141	ELMI000077	DOC	DOC_CYCLIN_RxL_1
O14490	372	380	ELMI004040	LIG	LIG_DLG_GKlike_1
O14490	403	411	ELMI004041	LIG	LIG_DLG_GKlike_1
O14576	81	88	ELMI002939	LIG	LIG_KLC1_WD_1
O14576	124	133	ELMI002940	LIG	LIG_KLC1_WD_1
O14649	391	394	ELMI002981	LIG	LIG_14-3-3_CterR_2
O14672	723	725	ELMI002078	TRG	TRG_ER_diArg_1
O14686	4415	4421	ELMI001235	LIG	LIG_KEPE_1
O14686	5338	5344	ELMI002646	LIG	LIG_WD40_WDR5_WIN_1
O14746	819	827	ELMI000101	MOD	MOD_PKB_1
O14753	1	10	ELMI004058	LIG	LIG_LSD1_SNAG_1
O14757	314	320	ELMI000970	MOD	MOD_PIKK_1
O14757	342	348	ELMI000971	MOD	MOD_PIKK_1
O14777	162	167	ELMI002461	MOD	MOD_NEK2_1
O14777	229	245	ELMI003143	LIG	LIG_Rb_LxCxE_1
O14828	63	68	ELMI001334	LIG	LIG_PTAP_UEV_1
O14830	20	38	ELMI001872	LIG	LIG_CaM_IQ_9
O14830	23	38	ELMI003598	LIG	LIG_CaM_IQ_9
O14901	45	54	ELMI000639	LIG	LIG_Sin3_2
O14917	998	1003	ELMI004111	LIG	LIG_WRC_WIRS_1
O14920	34	39	ELMI002826	DEG	DEG_Kelch_Keap1_1
O14920	730	736	ELMI003359	MOD	MOD_Plk_1
O14920	737	743	ELMI003360	MOD	MOD_Plk_1
O14920	747	753	ELMI003361	MOD	MOD_Plk_1
O14964	347	352	ELMI001341	LIG	LIG_PTAP_UEV_1
O14974	10	17	ELMI002741	DOC	DOC_PP1_MyPhoNE_1
O14974	33	39	ELMI001117	DOC	DOC_PP1_RVXF_1
O15040	1407	1411	ELMI004446	LIG	LIG_LIR_Gen_1
O15047	1493	1499	ELMI002649	LIG	LIG_WD40_WDR5_WIN_1
O15055	665	671	ELMI003817	MOD	MOD_CK1_1
O15111	18	26	ELMI002549	MOD	MOD_PKB_1
O15117	616	620	ELMI001684	LIG	LIG_EVH1_1
O15118	1271	1276	ELMI004304	TRG	TRG_DiLeu_LyEn_5
O15151	8	12	ELMI002272	DOC	DOC_USP7_MATH_1
O15151	291	297	ELMI003814	MOD	MOD_CK1_1
O15151	364	369	ELMI002984	LIG	LIG_14-3-3_CanoR_1
O15151	398	402	ELMI002273	DOC	DOC_USP7_MATH_1
O15151	400	406	ELMI002275	MOD	MOD_PIKK_1
O15164	713	717	ELMI000249	LIG	LIG_HP1_1
O15169	21	28	ELMI002058	DOC	DOC_ANK_TNKS_1
O15169	238	244	ELMI003174	DOC	DOC_PP2A_B56_1
O15169	383	399	ELMI002876	DOC	DOC_GSK3_Axin_1
O15178	14	22	ELMI000937	LIG	LIG_EH1_1
O15197	635	639	ELMI003744	LIG	LIG_SH2_CRK
O15234	145	152	ELMI002059	DOC	DOC_ANK_TNKS_1
O15350	15	22	ELMI002840	DEG	DEG_MDM2_SWIB_1
O15350	327	349	ELMI001391	TRG	TRG_NLS_Bipartite_1
O15350	366	379	ELMI000920	TRG	TRG_NES_CRM1_1
O15350	407	413	ELMI000199	LIG	LIG_SH3_3
O15350	409	414	ELMI001958	DOC	DOC_WW_Pin1_4
O15350	439	444	ELMI001959	DOC	DOC_WW_Pin1_4
O15350	479	484	ELMI001960	DOC	DOC_WW_Pin1_4
O15350	484	487	ELMI002262	LIG	LIG_WW_1
O15392	17	23	ELMI001414	MOD	MOD_PKA_2
O15427	441	447	ELMI004276	TRG	TRG_DiLeu_BaEn_2
O15523	38	44	ELMI002284	LIG	LIG_eIF4E_2
O15525	13	19	ELMI001233	LIG	LIG_KEPE_1
O15527	333	339	ELMI002593	TRG	TRG_NLS_MonoExtN_4
O15553-2	205	213	ELMI003023	LIG	LIG_14-3-3_CanoR_1
O15553-2	239	244	ELMI003041	LIG	LIG_14-3-3_CanoR_1
O43149	1	7	ELMI002311	MOD	MOD_NMyristoyl
O43166	1629	1637	ELMI004046	LIG	LIG_DLG_GKlike_1
O43187	524	532	ELMI000033	LIG	LIG_TRAF6_MATH_1
O43187	555	563	ELMI000034	LIG	LIG_TRAF6_MATH_1
O43236	104	108	ELMI003653	MOD	MOD_DYRK1A_RPxSP_1
O43294	158	166	ELMI001520	LIG	LIG_FAT_LD_1
O43303	583	593	ELMI003457	DOC	DOC_CYCLIN_RxL_1
O43312	319	325	ELMI003829	MOD	MOD_CK1_1
O43312	728	744	ELMI001652	LIG	LIG_Actin_WH2_2
O43353	326	334	ELMI003098	DOC	DOC_MAPK_NFAT4_5
O43353	327	335	ELMI003276	DOC	DOC_MAPK_MEF2A_6
O43426	1323	1325	ELMI002576	LIG	LIG_AP2alpha_2
O43426	1393	1397	ELMI002578	LIG	LIG_EH_1
O43426	1403	1407	ELMI002579	LIG	LIG_EH_1
O43426	1414	1418	ELMI002580	LIG	LIG_EH_1
O43426	1555	1557	ELMI002577	LIG	LIG_AP2alpha_2
O43432	624	630	ELMI002091	LIG	LIG_eIF4E_1
O43464	397	404	ELMI003226	MOD	MOD_CDK_SPxxK_3
O43497	1033	1041	ELMI003300	DOC	DOC_MAPK_DCC_7
O43516	33	49	ELMI001659	LIG	LIG_Actin_WH2_1
O43516	451	461	ELMI002695	LIG	LIG_WH1
O43516	454	466	ELMI001705	LIG	LIG_EVH1_3
O43521	110	116	ELMI000264	LIG	LIG_Dynein_DLC8_1
O43521-2	50	56	ELMI002440	LIG	LIG_Dynein_DLC8_1
O43521-3	54	70	ELMI003189	LIG	LIG_BH_BH3_1
O43524	29	34	ELMI002987	LIG	LIG_14-3-3_CanoR_1
O43524	250	255	ELMI003024	LIG	LIG_14-3-3_CanoR_1
O43524	448	453	ELMI003179	DOC	DOC_PP2A_B56_1
O43561-2	132	135	ELMI002201	LIG	LIG_SH2_STAT5
O43561-2	171	174	ELMI003746	LIG	LIG_SH2_GRB2like
O43561-2	191	194	ELMI003747	LIG	LIG_SH2_GRB2like
O43561-2	226	229	ELMI003748	LIG	LIG_SH2_GRB2like
O43593	565	571	ELMI000768	LIG	LIG_NRBOX
O43593	757	763	ELMI000769	LIG	LIG_NRBOX
O43613	79	86	ELMI002157	LIG	LIG_TYR_ITSM
O43613	356	361	ELMI002156	LIG	LIG_TYR_ITIM
O43623	1	10	ELMI004055	LIG	LIG_LSD1_SNAG_1
O43681	13	20	ELMI003578	TRG	TRG_ER_FFAT_1
O43683	248	256	ELMI001296	LIG	LIG_GLEBS_BUB3_1
O43683	527	532	ELMI003267	LIG	LIG_APCC_ABBA_1
O43683	534	538	ELMI001010	DEG	DEG_APCC_KENBOX_2
O43683	624	628	ELMI001011	DEG	DEG_APCC_KENBOX_2
O43711	125	128	ELMI000767	LIG	LIG_HOMEOBOX
O43763	118	121	ELMI000766	LIG	LIG_HOMEOBOX
O43815	301	308	ELMI002046	DOC	DOC_ANK_TNKS_1
O43854	96	98	ELMI000107	LIG	LIG_Integrin_RGD_1
O43889	78	81	ELMI001526	LIG	LIG_HCF-1_HBM_1
O43896	1089	1094	ELMI003003	LIG	LIG_14-3-3_CanoR_1
O60216	169	173	ELMI002251	CLV	CLV_Separin_Metazoa
O60237	19	26	ELMI002742	DOC	DOC_PP1_MyPhoNE_1
O60238	35	41	ELMI004451	LIG	LIG_LIR_Gen_1
O60239	343	349	ELMI003061	DOC	DOC_MAPK_JIP1_4
O60241	1417	1419	ELMI003503	LIG	LIG_IBAR_NPY_1
O60291	405	410	ELMI001328	LIG	LIG_PTAP_UEV_1
O60315	785	789	ELMI000260	LIG	LIG_CtBP_PxDLS_1
O60315	815	819	ELMI000261	LIG	LIG_CtBP_PxDLS_1
O60315	859	863	ELMI000262	LIG	LIG_CtBP_PxDLS_1
O60336	1293	1301	ELMI003092	DOC	DOC_MAPK_NFAT4_5
O60341	128	134	ELMI003841	MOD	MOD_CK2_1
O60341	134	140	ELMI003842	MOD	MOD_CK2_1
O60353	493	503	ELMI003674	LIG	LIG_FZD_DVL_PDZ
O60500	1176	1179	ELMI002128	LIG	LIG_SH2_SRC
O60500	1217	1221	ELMI003906	LIG	LIG_SH2_STAP1
O60516	40	46	ELMI002099	LIG	LIG_eIF4E_1
O60516	96	100	ELMI001213	DOC	DOC_WD40_RPTOR_TOS_1
O60566	25	29	ELMI002601	DEG	DEG_APCC_KENBOX_2
O60566	272	277	ELMI003271	LIG	LIG_APCC_ABBA_1
O60566	303	307	ELMI002600	DEG	DEG_APCC_KENBOX_2
O60566	340	345	ELMI003272	LIG	LIG_APCC_ABBA_1
O60566	409	417	ELMI001297	LIG	LIG_GLEBS_BUB3_1
O60566	528	533	ELMI003266	LIG	LIG_APCC_ABBA_1
O60566	669	674	ELMI003165	DOC	DOC_PP2A_B56_1
O60583	501	509	ELMI003287	DOC	DOC_MAPK_MEF2A_6
O60641	440	444	ELMI000299	LIG	LIG_AP2alpha_1
O60641	564	568	ELMI000300	LIG	LIG_AP2alpha_1
O60641	642	646	ELMI000301	LIG	LIG_AP2alpha_1
O60716	942	956	ELMI000915	TRG	TRG_NES_CRM1_1
O60934	340	346	ELMI000951	MOD	MOD_PIKK_1
O60934	736	743	ELMI001948	DOC	DOC_PIKK_1
O60942	585	588	ELMI003942	DOC	DOC_PP4_MxPP_1
O75074	764	770	ELMI000511	TRG	TRG_LysEnd_GGAAcLL_1
O75084	547	557	ELMI003671	LIG	LIG_FZD_DVL_PDZ
O75122	492	502	ELMI001287	LIG	LIG_SxIP_EBH_1
O75122	515	525	ELMI001288	LIG	LIG_SxIP_EBH_1
O75143	443	452	ELMI004455	LIG	LIG_LIR_Gen_1
O75152	111	116	ELMI002889	MOD	MOD_SUMO_rev_2
O75152	475	479	ELMI002888	MOD	MOD_SUMO_rev_2
O75179-6	1742	1750	ELMI004249	DOC	DOC_CYCLIN_RxL_1
O75367	171	175	ELMI002868	DEG	DEG_SPOP_SBC_1
O75376	1033	1037	ELMI002476	LIG	LIG_MYND_2
O75376	2051	2059	ELMI000751	LIG	LIG_CORNRBOX
O75376	2263	2271	ELMI000752	LIG	LIG_CORNRBOX
O75385	356	365	ELMI004481	LIG	LIG_LIR_Gen_1
O75444	32	40	ELMI001245	LIG	LIG_KEPE_2
O75533	195	201	ELMI000946	LIG	LIG_ULM_U2AF65_1
O75533	289	294	ELMI000947	LIG	LIG_ULM_U2AF65_1
O75533	333	339	ELMI000948	LIG	LIG_ULM_U2AF65_1
O75553	360	368	ELMI001107	DEG	DEG_SIAH_1
O75553	516	521	ELMI004376	LIG	LIG_SH3_CIN85_PxpxPR_1
O75581	1487	1492	ELMI002902	LIG	LIG_GSK3_LRP6_1
O75581	1527	1532	ELMI002903	LIG	LIG_GSK3_LRP6_1
O75581	1569	1574	ELMI002904	LIG	LIG_GSK3_LRP6_1
O75581	1587	1592	ELMI002905	LIG	LIG_GSK3_LRP6_1
O75581	1604	1609	ELMI002906	LIG	LIG_GSK3_LRP6_1
O75582	423	427	ELMI003708	LIG	LIG_SH2_STAP1
O75582	730	744	ELMI002944	DOC	DOC_MAPK_RevD_3
O75674	178	183	ELMI001335	LIG	LIG_PTAP_UEV_1
O75674	309	314	ELMI001333	LIG	LIG_PTAP_UEV_1
O75676	717	731	ELMI002945	DOC	DOC_MAPK_RevD_3
O75695	1	7	ELMI002312	MOD	MOD_NMyristoyl
O75821	213	219	ELMI002286	LIG	LIG_eIF4E_2
O75822	124	130	ELMI003833	MOD	MOD_CK2_1
O75925	458	463	ELMI002770	LIG	LIG_SUMO_SIM_par_1
O75928	468	473	ELMI002771	LIG	LIG_SUMO_SIM_par_1
O76024	27	32	ELMI000574	MOD	MOD_N-GLC_1
O76024	334	339	ELMI000575	MOD	MOD_N-GLC_1
O76024	499	504	ELMI000576	MOD	MOD_N-GLC_1
O76024	660	665	ELMI000577	MOD	MOD_N-GLC_1
O76024	745	750	ELMI000578	MOD	MOD_N-GLC_1
O76039	717	721	ELMI003669	MOD	MOD_DYRK1A_RPxSP_1
O94762	964	973	ELMI003919	LIG	LIG_PCNA_PIPBox_1
O94823	26	31	ELMI004303	TRG	TRG_DiLeu_LyEn_5
O94850	143	148	ELMI004377	LIG	LIG_SH3_CIN85_PxpxPR_1
O94907	37	43	ELMI003321	LIG	LIG_LRP6_Inhibitor_1
O94916	155	161	ELMI003821	MOD	MOD_CK1_1
O94979	839	843	ELMI002660	LIG	LIG_EF_ALG2_ABM_2
O94979	870	879	ELMI002659	LIG	LIG_EF_ALG2_ABM_1
O94985	901	910	ELMI002926	LIG	LIG_KLC1_WD_1
O94985	972	979	ELMI002927	LIG	LIG_KLC1_WD_1
O95081	365	369	ELMI001125	LIG	LIG_EH_1
O95081	380	384	ELMI001126	LIG	LIG_EH_1
O95081	458	462	ELMI001127	LIG	LIG_EH_1
O95081	477	481	ELMI001128	LIG	LIG_EH_1
O95149	2	17	ELMI001255	TRG	TRG_NES_CRM1_1
O95197	246	256	ELMI004447	LIG	LIG_LIR_Gen_1
O95206	984	989	ELMI004108	LIG	LIG_WRC_WIRS_1
O95208	456	465	ELMI001210	TRG	TRG_AP2beta_CARGO_1
O95208	536	540	ELMI001148	LIG	LIG_EH_1
O95208	551	555	ELMI001149	LIG	LIG_EH_1
O95208	636	640	ELMI001150	LIG	LIG_EH_1
O95239	1224	1229	ELMI003166	DOC	DOC_PP2A_B56_1
O95600	86	90	ELMI000080	LIG	LIG_CtBP_PxDLS_1
O95613	2228	2232	ELMI002252	CLV	CLV_Separin_Metazoa
O95644	117	123	ELMI001065	DOC	DOC_PP2B_PxIxI_1
O95644	238	245	ELMI002145	MOD	MOD_GSK3_1
O95644	242	248	ELMI002150	MOD	MOD_PKA_2
O95644	258	262	ELMI003662	MOD	MOD_DYRK1A_RPxSP_1
O95644	266	272	ELMI002148	MOD	MOD_PKA_1
O95644	287	294	ELMI002146	MOD	MOD_GSK3_1
O95644	291	297	ELMI002151	MOD	MOD_PKA_2
O95644	348	356	ELMI001246	LIG	LIG_KEPE_2
O95644	387	390	ELMI002687	DOC	DOC_PP2B_LxvP_1
O95644	701	708	ELMI001247	LIG	LIG_KEPE_2
O95644	913	921	ELMI001248	LIG	LIG_KEPE_2
O95772	205	214	ELMI003518	TRG	TRG_ER_FFAT_2
O95863	1	10	ELMI004057	LIG	LIG_LSD1_SNAG_1
O95863	93	100	ELMI002144	MOD	MOD_GSK3_1
O95863	95	100	ELMI001312	DEG	DEG_SCF_TRCP1_1
O95886	393	401	ELMI004042	LIG	LIG_DLG_GKlike_1
O95996	963	969	ELMI003063	DOC	DOC_MAPK_JIP1_4
O95997	8	12	ELMI001013	DEG	DEG_APCC_KENBOX_2
O96017	65	71	ELMI000954	MOD	MOD_PIKK_1
O96017	66	72	ELMI000980	LIG	LIG_FHA_1
O96017	71	76	ELMI003170	DOC	DOC_PP2A_B56_1
P00519-2	15	22	ELMI002955	LIG	LIG_ANK_PxLPxL_1
P00533	56	58	ELMI000124	MOD	MOD_N-GLC_2
P00533	998	1001	ELMI000289	TRG	TRG_ENDOCYTIC_2
P00533	1092	1095	ELMI003693	LIG	LIG_SH2_GRB2like
P00533	1104	1110	ELMI001544	LIG	LIG_PTB_Phospho_1
P00533	1110	1113	ELMI003694	LIG	LIG_SH2_GRB2like
P00533	1166	1172	ELMI002349	LIG	LIG_PTB_Phospho_1
P00740	97	102	ELMI000223	MOD	MOD_OGLYCOS
P00740	108	119	ELMI002734	MOD	MOD_ASX_betaOH_EGF
P00740	202	207	ELMI000601	MOD	MOD_N-GLC_1
P00740	212	217	ELMI000602	MOD	MOD_N-GLC_1
P00742	101	112	ELMI002737	MOD	MOD_ASX_betaOH_EGF
P00749	33	39	ELMI000224	MOD	MOD_OFUCOSY
P00750	91	97	ELMI000225	MOD	MOD_OFUCOSY
P00797	65	67	ELMI002719	CLV	CLV_PCSK_PC1ET2_1
P01042	603	607	ELMI003585	LIG	LIG_FXI_DFP_1
P01100	264	271	ELMI001242	LIG	LIG_KEPE_2
P01100	343	346	ELMI003048	DOC	DOC_MAPK_FxFP_2
P01106	55	62	ELMI001386	DEG	DEG_SCF_FBW7_1
P01106	55	60	ELMI001982	DOC	DOC_WW_Pin1_4
P01106	55	62	ELMI001862	MOD	MOD_GSK3_1
P01106	59	64	ELMI002301	DOC	DOC_WW_Pin1_4
P01106	59	65	ELMI002432	MOD	MOD_ProDKin_1
P01106	60	65	ELMI002132	LIG	LIG_SH3_2
P01106	68	74	ELMI001432	MOD	MOD_ProDKin_1
P01106	320	327	ELMI001381	TRG	TRG_NLS_MonoExtN_4
P01106	322	328	ELMI001382	TRG	TRG_NLS_MonoExtC_3
P01111	180	186	ELMI002107	MOD	MOD_SPalmitoyl_2
P01111	186	189	ELMI003438	MOD	MOD_CAAXbox
P01112	180	186	ELMI000313	MOD	MOD_SPalmitoyl_2
P01112	186	189	ELMI003437	MOD	MOD_CAAXbox
P01116	186	189	ELMI003439	MOD	MOD_CAAXbox
P01116-2	185	188	ELMI003440	MOD	MOD_CAAXbox
P01130	822	829	ELMI001564	LIG	LIG_PTB_Apo_2
P01137	244	250	ELMI004152	LIG	LIG_Integrin_RGD_TGFB_3
P01225	24	29	ELMI000606	MOD	MOD_N-GLC_1
P01266	75	80	ELMI000343	MOD	MOD_N-GLC_1
P01266	109	114	ELMI000518	MOD	MOD_N-GLC_1
P01266	197	202	ELMI000519	MOD	MOD_N-GLC_1
P01266	483	488	ELMI000520	MOD	MOD_N-GLC_1
P01266	528	533	ELMI000521	MOD	MOD_N-GLC_1
P01266	747	752	ELMI000522	MOD	MOD_N-GLC_1
P01266	815	820	ELMI000523	MOD	MOD_N-GLC_1
P01266	946	951	ELMI000524	MOD	MOD_N-GLC_1
P01266	1219	1224	ELMI000525	MOD	MOD_N-GLC_1
P01266	1347	1352	ELMI000526	MOD	MOD_N-GLC_1
P01266	1364	1369	ELMI000527	MOD	MOD_N-GLC_1
P01266	1715	1720	ELMI000528	MOD	MOD_N-GLC_1
P01266	1773	1778	ELMI000529	MOD	MOD_N-GLC_1
P01266	2012	2017	ELMI000530	MOD	MOD_N-GLC_1
P01266	2249	2254	ELMI000531	MOD	MOD_N-GLC_1
P01266	2294	2299	ELMI000532	MOD	MOD_N-GLC_1
P01266	2581	2586	ELMI000533	MOD	MOD_N-GLC_1
P01730	434	439	ELMI004293	TRG	TRG_DiLeu_BaLyEn_6
P01858	2	4	ELMI004007	LIG	LIG_NRP_CendR_1
P02679-2	432	437	ELMI004235	LIG	LIG_Integrin_KxxGD_FGGC_5
P02730	641	646	ELMI000605	MOD	MOD_N-GLC_1
P02748	48	51	ELMI000341	MOD	MOD_CMANNOS
P02751	263	265	ELMI002206	LIG	LIG_Integrin_isoDGR_2
P02751	367	369	ELMI002207	LIG	LIG_Integrin_isoDGR_2
P02751	501	503	ELMI002208	LIG	LIG_Integrin_isoDGR_2
P02751	1432	1434	ELMI002209	LIG	LIG_Integrin_isoDGR_2
P02751	1524	1526	ELMI000104	LIG	LIG_Integrin_RGD_1
P02786	20	23	ELMI000290	TRG	TRG_ENDOCYTIC_2
P04004	64	66	ELMI000115	LIG	LIG_Integrin_RGD_1
P04035	885	888	ELMI000365	TRG	TRG_ER_diLys_1
P04040	524	527	ELMI000007	TRG	TRG_PTS1
P04049	231	235	ELMI003010	LIG	LIG_14-3-3_CanoR_1
P04049	254	263	ELMI003008	LIG	LIG_14-3-3_CanoR_1
P04049	254	262	ELMI002553	MOD	MOD_PKB_1
P04049	618	623	ELMI003009	LIG	LIG_14-3-3_CanoR_1
P04070	371	373	ELMI000121	MOD	MOD_N-GLC_2
P04150	276	279	ELMI000860	MOD	MOD_SUMO_for_1
P04150	292	295	ELMI000861	MOD	MOD_SUMO_for_1
P04156	180	185	ELMI000599	MOD	MOD_N-GLC_1
P04156	196	201	ELMI000600	MOD	MOD_N-GLC_1
P04233	3	5	ELMI002072	TRG	TRG_ER_diArg_1
P04234	146	163	ELMI002183	LIG	LIG_TYR_ITAM
P04275	1147	1149	ELMI000123	MOD	MOD_N-GLC_2
P04275	2507	2509	ELMI000113	LIG	LIG_Integrin_RGD_1
P04626	1139	1142	ELMI000813	LIG	LIG_SH2_GRB2like
P04626	1250	1255	ELMI001587	LIG	LIG_PDZ_Class_2
P04629	490	496	ELMI001541	LIG	LIG_PTB_Phospho_1
P04637	12	18	ELMI000949	MOD	MOD_PIKK_1
P04637	15	21	ELMI002258	MOD	MOD_CK1_1
P04637	19	26	ELMI002838	DEG	DEG_MDM2_SWIB_1
P04637	30	35	ELMI001957	DOC	DOC_WW_Pin1_4
P04637	30	37	ELMI001859	MOD	MOD_GSK3_1
P04637	78	83	ELMI001995	DOC	DOC_WW_Pin1_4
P04637	305	323	ELMI001394	TRG	TRG_NLS_Bipartite_1
P04637	312	317	ELMI001996	DOC	DOC_WW_Pin1_4
P04637	312	319	ELMI003229	MOD	MOD_CDK_SPxxK_3
P04637	339	352	ELMI000923	TRG	TRG_NES_CRM1_1
P04637	359	363	ELMI001067	DOC	DOC_USP7_MATH_1
P04637	364	368	ELMI001068	DOC	DOC_USP7_MATH_1
P04637	378	388	ELMI000051	DOC	DOC_CYCLIN_RxL_1
P04637	385	388	ELMI000091	MOD	MOD_SUMO_for_1
P04921	123	128	ELMI001578	LIG	LIG_PDZ_Class_2
P05067	740	745	ELMI002136	DOC	DOC_WW_Pin1_4
P05067	756	763	ELMI001555	LIG	LIG_PTB_Apo_2
P05067	757	760	ELMI002125	LIG	LIG_SH2_GRB2like
P05067-4	668	669	ELMI002308	DOC	DOC_WW_Pin1_4
P05067-4	682	685	ELMI003686	LIG	LIG_SH2_GRB2like
P05106	767	774	ELMI001559	LIG	LIG_PTB_Apo_2
P05106	767	773	ELMI001539	LIG	LIG_PTB_Phospho_1
P05106	779	786	ELMI001571	LIG	LIG_PTB_Apo_2
P05106	779	785	ELMI001548	LIG	LIG_PTB_Phospho_1
P05107	760	767	ELMI001569	LIG	LIG_PTB_Apo_2
P05111	301	306	ELMI000607	MOD	MOD_N-GLC_1
P05412	32	42	ELMI001020	DOC	DOC_MAPK_gen_1
P05412	35	43	ELMI003097	DOC	DOC_MAPK_NFAT4_5
P05412	60	65	ELMI001965	DOC	DOC_WW_Pin1_4
P05412	70	75	ELMI001966	DOC	DOC_WW_Pin1_4
P05412	225	234	ELMI001238	LIG	LIG_KEPE_3
P05412	227	235	ELMI000268	DEG	DEG_COP1_1
P05412	236	243	ELMI001387	DEG	DEG_SCF_FBW7_1
P05412	236	243	ELMI001860	MOD	MOD_GSK3_1
P05412	246	252	ELMI000964	MOD	MOD_PIKK_1
P05549	426	432	ELMI003845	MOD	MOD_CK2_1
P05556	777	784	ELMI001553	LIG	LIG_PTB_Apo_2
P05556	789	796	ELMI001558	LIG	LIG_PTB_Apo_2
P05771-2	656	661	ELMI002185	DOC	DOC_AGCK_PIF_1
P05787	71	77	ELMI001461	MOD	MOD_ProDKin_1
P06213	993	999	ELMI001540	LIG	LIG_PTB_Phospho_1
P06213	1361	1364	ELMI002130	LIG	LIG_SH2_STAT5
P06239	1	7	ELMI000316	MOD	MOD_SPalmitoyl_4
P06241	527	535	ELMI000129	MOD	MOD_TYR_CSK
P06241	531	534	ELMI000458	LIG	LIG_SH2_SRC
P06400	249	254	ELMI003257	MOD	MOD_CDK_SPK_2
P06400	249	255	ELMI003258	MOD	MOD_CDK_SPxK_1
P06400	346	350	ELMI001917	CLV	CLV_C14_Caspase3-7
P06400	370	376	ELMI003259	MOD	MOD_CDK_SPxK_1
P06400	808	814	ELMI003260	MOD	MOD_CDK_SPxK_1
P06400	860	877	ELMI001389	TRG	TRG_NLS_Bipartite_1
P06400	870	880	ELMI000052	DOC	DOC_CYCLIN_RxL_1
P06400	871	878	ELMI002287	DOC	DOC_PP1_RVXF_1
P06400	883	887	ELMI001916	CLV	CLV_C14_Caspase3-7
P06400	897	908	ELMI003970	DOC	DOC_CYCLIN_D_Helix_1
P06401	387	390	ELMI000877	MOD	MOD_SUMO_for_1
P06729	281	289	ELMI000208	LIG	LIG_GYF
P06729	294	300	ELMI002165	LIG	LIG_SH3_3
P06729	295	303	ELMI002117	LIG	LIG_GYF
P06729	327	332	ELMI004426	LIG	LIG_SH3_CIN85_PxpxPR_1
P06748	216	221	ELMI003238	MOD	MOD_CDK_SPK_2
P06748	234	239	ELMI003239	MOD	MOD_CDK_SPK_2
P06748	245	249	ELMI002882	MOD	MOD_SUMO_rev_2
P07306	5	8	ELMI000292	TRG	TRG_ENDOCYTIC_2
P07357	44	47	ELMI000333	MOD	MOD_CMANNOS
P07357	542	545	ELMI000334	MOD	MOD_CMANNOS
P07357	545	548	ELMI000335	MOD	MOD_CMANNOS
P07358	70	73	ELMI000338	MOD	MOD_CMANNOS
P07358	551	554	ELMI000339	MOD	MOD_CMANNOS
P07550	408	413	ELMI001598	LIG	LIG_PDZ_Class_1
P07686	83	88	ELMI000832	MOD	MOD_N-GLC_1
P07686	189	194	ELMI000833	MOD	MOD_N-GLC_1
P07686	326	331	ELMI000834	MOD	MOD_N-GLC_1
P07766	184	188	ELMI002133	LIG	LIG_SH3_5
P07766	185	202	ELMI002040	LIG	LIG_TYR_ITAM
P07900	2	8	ELMI000966	MOD	MOD_PIKK_1
P07900	4	10	ELMI000967	MOD	MOD_PIKK_1
P07900	729	732	ELMI000041	LIG	LIG_TPR
P07947	533	541	ELMI000133	MOD	MOD_TYR_CSK
P07948	504	512	ELMI000132	MOD	MOD_TYR_CSK
P07949-1	1096	1100	ELMI003900	LIG	LIG_SH2_STAP1
P08047	450	456	ELMI001445	MOD	MOD_ProDKin_1
P08047	736	742	ELMI001446	MOD	MOD_ProDKin_1
P08151	120	127	ELMI002625	LIG	LIG_SUFU_1
P08238	223	229	ELMI003843	MOD	MOD_CK2_1
P08238	252	258	ELMI003844	MOD	MOD_CK2_1
P08581	1356	1359	ELMI000805	LIG	LIG_SH2_GRB2like
P08621	338	342	ELMI001905	CLV	CLV_C14_Caspase3-7
P08631	1	7	ELMI002314	MOD	MOD_NMyristoyl
P08631	248	255	ELMI000198	LIG	LIG_SH3_4
P08631	518	526	ELMI000136	MOD	MOD_TYR_CSK
P08709	110	115	ELMI000222	MOD	MOD_OGLYCOS
P08887	54	59	ELMI000588	MOD	MOD_N-GLC_1
P08887	92	97	ELMI000589	MOD	MOD_N-GLC_1
P08887	220	225	ELMI000590	MOD	MOD_N-GLC_1
P09016	134	137	ELMI000763	LIG	LIG_HOMEOBOX
P09067	177	180	ELMI000759	LIG	LIG_HOMEOBOX
P09471	1	7	ELMI000327	MOD	MOD_SPalmitoyl_4
P09619	716	719	ELMI000814	LIG	LIG_SH2_GRB2like
P09619	775	778	ELMI003695	LIG	LIG_SH2_GRB2like
P09619	1009	1013	ELMI003873	LIG	LIG_SH2_NCK_1
P09619	1101	1106	ELMI001599	LIG	LIG_PDZ_Class_1
P09629	127	130	ELMI000761	LIG	LIG_HOMEOBOX
P09651	204	208	ELMI003468	MOD	MOD_PRMT_GGRGG_1
P09769	519	527	ELMI000134	MOD	MOD_TYR_CSK
P09874	211	215	ELMI001904	CLV	CLV_C14_Caspase3-7
P09958	782	788	ELMI004275	TRG	TRG_DiLeu_BaEn_2
P10071	333	340	ELMI002627	LIG	LIG_SUFU_1
P10153	34	37	ELMI000220	MOD	MOD_CMANNOS
P10242	502	505	ELMI000868	MOD	MOD_SUMO_for_1
P10242	526	529	ELMI000869	MOD	MOD_SUMO_for_1
P10275	80	85	ELMI003233	MOD	MOD_CDK_SPK_2
P10276	74	79	ELMI001984	DOC	DOC_WW_Pin1_4
P10276	178	184	ELMI001434	MOD	MOD_ProDKin_1
P10276	366	372	ELMI001495	MOD	MOD_PKA_1
P10276	442	448	ELMI001435	MOD	MOD_ProDKin_1
P10451	159	161	ELMI000110	LIG	LIG_Integrin_RGD_1
P10600	261	267	ELMI004153	LIG	LIG_Integrin_RGD_TGFB_3
P10636	547	553	ELMI000175	LIG	LIG_SH3_1
P10636-8	209	213	ELMI003666	MOD	MOD_DYRK1A_RPxSP_1
P10636-8	213	219	ELMI002590	LIG	LIG_SH3_3
P10636-8	228	233	ELMI002304	DOC	DOC_WW_Pin1_4
P10643	506	509	ELMI000332	MOD	MOD_CMANNOS
P10721	936	939	ELMI003749	LIG	LIG_SH2_GRB2like
P10747	191	194	ELMI000386	LIG	LIG_SH2_GRB2like
P11021	651	654	ELMI000006	TRG	TRG_ER_KDEL_1
P11117	413	416	ELMI002180	TRG	TRG_ENDOCYTIC_2
P11274	177	180	ELMI000408	LIG	LIG_SH2_GRB2like
P11274	1266	1271	ELMI001582	LIG	LIG_PDZ_Class_1
P11279	414	417	ELMI000294	TRG	TRG_ENDOCYTIC_2
P11308-3	236	239	ELMI003052	DOC	DOC_MAPK_FxFP_2
P11387	116	123	ELMI001251	LIG	LIG_KEPE_2
P11388	1340	1346	ELMI003379	MOD	MOD_Plk_2-3
P11473	195	199	ELMI001920	CLV	CLV_C14_Caspase3-7
P11717	2485	2491	ELMI000508	TRG	TRG_LysEnd_GGAAcLL_1
P11831	432	438	ELMI000957	MOD	MOD_PIKK_1
P11831	443	449	ELMI000958	MOD	MOD_PIKK_1
P11912	185	202	ELMI002154	LIG	LIG_TYR_ITAM
P12644	287	293	ELMI002724	CLV	CLV_PCSK_PC7_1
P12830	747	751	ELMI001928	CLV	CLV_C14_Caspase3-7
P12931	1	7	ELMI000824	MOD	MOD_NMyristoyl
P12931	72	78	ELMI000825	MOD	MOD_CDK_SPxK_1
P12931	252	259	ELMI000197	LIG	LIG_SH3_4
P12931	526	534	ELMI000005	MOD	MOD_TYR_CSK
P12931	530	533	ELMI000471	LIG	LIG_SH2_SRC
P12956	352	356	ELMI000247	LIG	LIG_HP1_1
P13010	720	728	ELMI001950	DOC	DOC_PIKK_1
P13051	4	13	ELMI000798	LIG	LIG_PCNA_PIPBox_1
P13051	15	21	ELMI002587	TRG	TRG_NLS_MonoExtN_4
P13051	58	64	ELMI001383	DEG	DEG_SCF_FBW7_1
P13051	73	88	ELMI002845	LIG	LIG_RPA_C_Vert
P13224-2	382	386	ELMI004518	LIG	LIG_TRAF4_MATH_1
P13497	90	95	ELMI000569	MOD	MOD_N-GLC_1
P13497	117	121	ELMI002704	CLV	CLV_PCSK_FUR_1
P13497	141	146	ELMI000570	MOD	MOD_N-GLC_1
P13497	331	336	ELMI000571	MOD	MOD_N-GLC_1
P13497	362	367	ELMI000572	MOD	MOD_N-GLC_1
P13497	598	603	ELMI000573	MOD	MOD_N-GLC_1
P13569	751	755	ELMI003031	LIG	LIG_14-3-3_CanoR_1
P13569	766	770	ELMI003030	LIG	LIG_14-3-3_CanoR_1
P13569	792	797	ELMI003032	LIG	LIG_14-3-3_CanoR_1
P13569	1475	1480	ELMI002120	LIG	LIG_PDZ_Class_1
P13671	29	32	ELMI000329	MOD	MOD_CMANNOS
P13671	323	328	ELMI000608	MOD	MOD_N-GLC_1
P13671	568	571	ELMI000330	MOD	MOD_CMANNOS
P13671	571	574	ELMI000331	MOD	MOD_CMANNOS
P13796	2	8	ELMI001420	MOD	MOD_PKA_2
P13942	344	348	ELMI003905	LIG	LIG_SH2_STAP1
P14136	5	14	ELMI003021	LIG	LIG_14-3-3_CanoR_1
P14316	136	142	ELMI001236	LIG	LIG_KEPE_1
P14317	378	382	ELMI003883	LIG	LIG_SH2_NCK_1
P14317	397	401	ELMI003709	LIG	LIG_SH2_STAP1
P14598	342	347	ELMI002016	DOC	DOC_WW_Pin1_4
P14598	363	368	ELMI000180	LIG	LIG_SH3_2
P14635	41	49	ELMI002599	DEG	DEG_APCC_DBOX_1
P14651	130	133	ELMI000757	LIG	LIG_HOMEOBOX
P14652	95	98	ELMI000756	LIG	LIG_HOMEOBOX
P14653	180	183	ELMI000755	LIG	LIG_HOMEOBOX
P14784	358	364	ELMI001550	LIG	LIG_PTB_Phospho_1
P14921	273	283	ELMI003206	DEG	DEG_COP1_1
P15036	46	56	ELMI003204	DEG	DEG_COP1_1
P15036	301	311	ELMI003205	DEG	DEG_COP1_1
P15311	232	237	ELMI003245	MOD	MOD_CDK_SPK_2
P15336	165	171	ELMI003089	DOC	DOC_MAPK_JIP1_4
P15498	765	768	ELMI003937	DOC	DOC_PP4_FxxP_1
P15514	236	242	ELMI004281	TRG	TRG_DiLeu_BaEn_4
P15692-4	188	191	ELMI004009	LIG	LIG_NRP_CendR_1
P15822	1422	1437	ELMI003318	DOC	DOC_MAPK_HePTP_8
P16070	708	713	ELMI004255	TRG	TRG_DiLeu_BaEn_1
P16104	139	143	ELMI000943	LIG	LIG_BRCT_MDC1_1
P16109	820	827	ELMI001566	LIG	LIG_PTB_Apo_2
P16144	1590	1596	ELMI001551	LIG	LIG_PTB_Phospho_1
P16333	67	75	ELMI003345	LIG	LIG_GBD_Chelix_1
P16410	201	204	ELMI000291	TRG	TRG_ENDOCYTIC_2
P16471	58	63	ELMI000594	MOD	MOD_N-GLC_1
P16471	103	108	ELMI000595	MOD	MOD_N-GLC_1
P16471	232	237	ELMI000596	MOD	MOD_N-GLC_1
P16471	348	353	ELMI001314	DEG	DEG_SCF_TRCP1_1
P17181	534	539	ELMI002453	DEG	DEG_SCF_TRCP1_1
P17481	135	138	ELMI000762	LIG	LIG_HOMEOBOX
P17483	142	145	ELMI000758	LIG	LIG_HOMEOBOX
P17509	128	131	ELMI000760	LIG	LIG_HOMEOBOX
P17535	47	55	ELMI003094	DOC	DOC_MAPK_NFAT4_5
P17535	242	252	ELMI000269	DEG	DEG_COP1_1
P17542	119	125	ELMI001453	MOD	MOD_ProDKin_1
P17544	163	169	ELMI003062	DOC	DOC_MAPK_JIP1_4
P17612	1	7	ELMI002202	MOD	MOD_NMyristoyl
P17612	348	351	ELMI001640	DOC	DOC_AGCK_PIF_3
P17643	510	515	ELMI004298	TRG	TRG_DiLeu_BaLyEn_6
P17676	173	176	ELMI000857	MOD	MOD_SUMO_for_1
P17948	1333	1337	ELMI003885	LIG	LIG_SH2_NCK_1
P18206	842	846	ELMI001693	LIG	LIG_EVH1_1
P18827	305	310	ELMI002122	LIG	LIG_PDZ_Class_2
P18848	218	224	ELMI001309	DEG	DEG_SCF_TRCP1_1
P18850	416	420	ELMI002705	CLV	CLV_PCSK_SKI1_1
P18858	2	11	ELMI003920	LIG	LIG_PCNA_PIPBox_1
P18887	368	374	ELMI000959	MOD	MOD_PIKK_1
P18887	515	521	ELMI002139	MOD	MOD_CK2_1
P18887	520	526	ELMI002166	MOD	MOD_CK2_1
P18887	521	527	ELMI000986	LIG	LIG_FHA_2
P19086	1	7	ELMI000311	MOD	MOD_SPalmitoyl_4
P19338	319	325	ELMI002862	MOD	MOD_SUMO_rev_2
P19419	312	321	ELMI001018	DOC	DOC_MAPK_gen_1
P19419	315	321	ELMI003064	DOC	DOC_MAPK_JIP1_4
P19419	395	398	ELMI001027	DOC	DOC_MAPK_FxFP_2
P19793	24	30	ELMI001406	MOD	MOD_PKA_2
P19838	360	365	ELMI001351	TRG	TRG_NLS_MonoExtC_3
P19838	361	366	ELMI001350	TRG	TRG_NLS_MonoExtN_4
P19838	926	932	ELMI001306	DEG	DEG_SCF_TRCP1_1
P20020	1157	1162	ELMI004289	TRG	TRG_DiLeu_BaLyEn_6
P20073	4	12	ELMI002655	LIG	LIG_EF_ALG2_ABM_1
P20248	99	104	ELMI003265	LIG	LIG_APCC_ABBA_1
P20273	807	811	ELMI003894	LIG	LIG_SH2_STAP1
P20273	822	826	ELMI003895	LIG	LIG_SH2_STAP1
P20309	275	281	ELMI004274	TRG	TRG_DiLeu_BaEn_2
P20333	424	427	ELMI000059	LIG	LIG_TRAF2_1
P20585	21	30	ELMI003918	LIG	LIG_PCNA_PIPBox_1
P20645	271	277	ELMI000507	TRG	TRG_LysEnd_GGAAcLL_1
P20700	583	586	ELMI003436	MOD	MOD_CAAXbox
P20908	1646	1650	ELMI003588	LIG	LIG_FXI_DFP_1
P20963	69	86	ELMI002041	LIG	LIG_TYR_ITAM
P21452	10	15	ELMI000597	MOD	MOD_N-GLC_1
P21452	18	23	ELMI000598	MOD	MOD_N-GLC_1
P21815	176	181	ELMI000540	MOD	MOD_N-GLC_1
P21815	181	186	ELMI000541	MOD	MOD_N-GLC_1
P21815	189	194	ELMI000542	MOD	MOD_N-GLC_1
P21815	286	288	ELMI000120	LIG	LIG_Integrin_RGD_1
P21817	1773	1777	ELMI001700	LIG	LIG_EVH1_2
P21860	1262	1265	ELMI002612	LIG	LIG_SH2_GRB2like
P21860	1322	1328	ELMI001552	LIG	LIG_PTB_Phospho_1
P22059	356	364	ELMI003567	TRG	TRG_ER_FFAT_1
P22087	13	17	ELMI003482	MOD	MOD_PRMT_GGRGG_1
P22303	295	300	ELMI000579	MOD	MOD_N-GLC_1
P22303	380	385	ELMI000580	MOD	MOD_N-GLC_1
P22303	494	499	ELMI000581	MOD	MOD_N-GLC_1
P22307	544	547	ELMI001101	TRG	TRG_PTS1
P22309	529	533	ELMI000364	TRG	TRG_ER_diLys_1
P22681	774	778	ELMI003716	LIG	LIG_SH2_CRK
P22681	824	829	ELMI004429	LIG	LIG_SH3_CIN85_PxpxPR_1
P22736	92	97	ELMI002018	DOC	DOC_WW_Pin1_4
P22736	137	142	ELMI002019	DOC	DOC_WW_Pin1_4
P22736	140	145	ELMI002306	DOC	DOC_WW_Pin1_4
P22736	346	354	ELMI000100	MOD	MOD_PKB_1
P22736	428	433	ELMI002017	DOC	DOC_WW_Pin1_4
P23025	27	42	ELMI002846	LIG	LIG_RPA_C_Vert
P23025	193	199	ELMI000972	MOD	MOD_PIKK_1
P23109	113	121	ELMI003288	DOC	DOC_MAPK_MEF2A_6
P23443	28	33	ELMI001214	DOC	DOC_WD40_RPTOR_TOS_1
P23497	296	299	ELMI000883	MOD	MOD_SUMO_for_1
P23497	322	332	ELMI002811	LIG	LIG_SUMO_SIM_anti_2
P23497	322	332	ELMI002772	LIG	LIG_SUMO_SIM_par_1
P23634	1236	1241	ELMI001593	LIG	LIG_PDZ_Class_1
P24385	2	19	ELMI003118	LIG	LIG_Rb_LxCxE_1
P24385	289	295	ELMI004149	DEG	DEG_SCF_FBXO31_1
P24394	491	497	ELMI001542	LIG	LIG_PTB_Phospho_1
P24864	388	395	ELMI002282	MOD	MOD_GSK3_1
P24864	392	399	ELMI001863	MOD	MOD_GSK3_1
P24864	393	399	ELMI001385	DEG	DEG_SCF_FBW7_1
P24864-3	373	380	ELMI002602	MOD	MOD_GSK3_1
P24864-3	379	384	ELMI002603	DEG	DEG_SCF_FBW7_1
P25054	67	78	ELMI000913	TRG	TRG_NES_CRM1_1
P25054	163	176	ELMI000914	TRG	TRG_NES_CRM1_1
P25054	1357	1363	ELMI003247	MOD	MOD_CDK_SPxK_1
P25054	1507	1513	ELMI003815	MOD	MOD_CK1_1
P25054	2048	2053	ELMI001380	TRG	TRG_NLS_MonoCore_2
P25054	2048	2053	ELMI001379	TRG	TRG_NLS_MonoExtC_3
P25054	2048	2054	ELMI001378	TRG	TRG_NLS_MonoExtN_4
P25054	2049	2054	ELMI002398	TRG	TRG_NLS_MonoExtN_4
P25054	2801	2811	ELMI001285	LIG	LIG_SxIP_EBH_1
P25391	2191	2195	ELMI003587	LIG	LIG_FXI_DFP_1
P25686	247	253	ELMI003835	MOD	MOD_CK2_1
P25942	231	239	ELMI000016	LIG	LIG_TRAF6_MATH_1
P25942	250	253	ELMI000050	LIG	LIG_TRAF2_1
P25963	31	36	ELMI001303	DEG	DEG_SCF_TRCP1_1
P26010	772	779	ELMI001554	LIG	LIG_PTB_Apo_2
P26045	356	361	ELMI003035	LIG	LIG_14-3-3_CanoR_1
P26358	151	156	ELMI003236	MOD	MOD_CDK_SPK_2
P26358	164	173	ELMI000797	LIG	LIG_PCNA_PIPBox_1
P26358	1111	1115	ELMI003683	DOC	DOC_USP7_UBL2_3
P26599	13	19	ELMI001497	MOD	MOD_PKA_1
P26651	309	314	ELMI004385	LIG	LIG_SH3_CIN85_PxpxPR_1
P26678	12	14	ELMI002079	TRG	TRG_ER_diArg_1
P26715	38	43	ELMI000385	LIG	LIG_TYR_ITIM
P26842	246	249	ELMI000048	LIG	LIG_TRAF2_1
P27540	244	247	ELMI000851	MOD	MOD_SUMO_for_1
P27797	414	417	ELMI000013	TRG	TRG_ER_KDEL_1
P27918	83	86	ELMI000314	MOD	MOD_CMANNOS
P27918	139	142	ELMI000315	MOD	MOD_CMANNOS
P27918	142	145	ELMI000317	MOD	MOD_CMANNOS
P27918	196	199	ELMI000318	MOD	MOD_CMANNOS
P27918	199	202	ELMI000319	MOD	MOD_CMANNOS
P27918	260	263	ELMI000320	MOD	MOD_CMANNOS
P27918	321	324	ELMI000321	MOD	MOD_CMANNOS
P27918	382	385	ELMI000322	MOD	MOD_CMANNOS
P27918	385	388	ELMI000324	MOD	MOD_CMANNOS
P27986	85	90	ELMI004388	LIG	LIG_SH3_CIN85_PxpxPR_1
P27986	88	94	ELMI000172	LIG	LIG_SH3_1
P27986	305	310	ELMI000173	LIG	LIG_SH3_2
P27986	308	313	ELMI000174	LIG	LIG_SH3_2
P28324	318	327	ELMI001019	DOC	DOC_MAPK_gen_1
P28324	378	384	ELMI001436	MOD	MOD_ProDKin_1
P28324	384	390	ELMI001437	MOD	MOD_ProDKin_1
P28324	398	401	ELMI001028	DOC	DOC_MAPK_FxFP_2
P28562	54	62	ELMI001395	DOC	DOC_MAPK_gen_1
P28562	339	342	ELMI001031	DOC	DOC_MAPK_FxFP_2
P28715	990	999	ELMI000794	LIG	LIG_PCNA_PIPBox_1
P28749	655	664	ELMI000053	DOC	DOC_CYCLIN_RxL_1
P28749	1054	1065	ELMI003971	DOC	DOC_CYCLIN_D_Helix_1
P28908	561	564	ELMI000054	LIG	LIG_TRAF2_1
P28908	578	581	ELMI000055	LIG	LIG_TRAF2_1
P29353	349	352	ELMI000811	LIG	LIG_SH2_GRB2like
P29353	427	430	ELMI000812	LIG	LIG_SH2_GRB2like
P29353-2	317	320	ELMI003687	LIG	LIG_SH2_GRB2like
P29374	956	973	ELMI003119	LIG	LIG_Rb_LxCxE_1
P29375	1370	1388	ELMI003120	LIG	LIG_Rb_LxCxE_1
P29460	319	322	ELMI000221	MOD	MOD_CMANNOS
P29590	159	162	ELMI000876	MOD	MOD_SUMO_for_1
P29590	400	405	ELMI001985	DOC	DOC_WW_Pin1_4
P29590	406	411	ELMI002302	DOC	DOC_WW_Pin1_4
P29590	489	492	ELMI002434	MOD	MOD_SUMO_for_1
P29590	502	507	ELMI001986	DOC	DOC_WW_Pin1_4
P29590	515	520	ELMI001988	DOC	DOC_WW_Pin1_4
P29590	524	529	ELMI001987	DOC	DOC_WW_Pin1_4
P29590	527	532	ELMI002303	DOC	DOC_WW_Pin1_4
P29590	554	565	ELMI002807	LIG	LIG_SUMO_SIM_anti_2
P29590	555	566	ELMI002773	LIG	LIG_SUMO_SIM_par_1
P29966	1	7	ELMI002316	MOD	MOD_NMyristoyl
P30203	629	632	ELMI003691	LIG	LIG_SH2_GRB2like
P30273	62	79	ELMI002155	LIG	LIG_TYR_ITAM
P30279	2	17	ELMI003145	LIG	LIG_Rb_LxCxE_1
P30279	283	289	ELMI004150	DEG	DEG_SCF_FBXO31_1
P30281	2	18	ELMI003146	LIG	LIG_Rb_LxCxE_1
P30281	286	292	ELMI004151	DEG	DEG_SCF_FBXO31_1
P30291	50	56	ELMI003377	MOD	MOD_Plk_1
P30291	120	126	ELMI003450	MOD	MOD_CDK_SPxK_1
P30291	136	142	ELMI003449	MOD	MOD_CDK_SPxK_1
P30291	177	187	ELMI003455	DOC	DOC_CYCLIN_RxL_1
P30304	9	18	ELMI000065	DOC	DOC_CYCLIN_RxL_1
P30304	79	85	ELMI003808	MOD	MOD_CK1_1
P30304	113	120	ELMI003208	MOD	MOD_CDK_SPxxK_3
P30304	148	151	ELMI003928	DOC	DOC_PP4_FxxP_1
P30305	199	202	ELMI003929	DOC	DOC_PP4_FxxP_1
P30307	150	154	ELMI001012	DEG	DEG_APCC_KENBOX_2
P30307	188	194	ELMI003380	MOD	MOD_Plk_2-3
P30307	189	203	ELMI002160	TRG	TRG_NES_CRM1_1
P30307	195	201	ELMI003363	MOD	MOD_Plk_1
P30518	247	249	ELMI002075	TRG	TRG_ER_diArg_1
P30559	7	12	ELMI000591	MOD	MOD_N-GLC_1
P30559	14	19	ELMI000592	MOD	MOD_N-GLC_1
P30559	25	30	ELMI000593	MOD	MOD_N-GLC_1
P30622	1434	1438	ELMI001058	LIG	LIG_CAP-Gly_1
P31273	139	142	ELMI000310	LIG	LIG_HOMEOBOX
P31314	174	177	ELMI000765	LIG	LIG_HOMEOBOX
P31431	193	198	ELMI001586	LIG	LIG_PDZ_Class_2
P31749	89	94	ELMI001976	DOC	DOC_WW_Pin1_4
P31749	126	132	ELMI003847	MOD	MOD_CK2_1
P31749	447	452	ELMI001977	DOC	DOC_WW_Pin1_4
P31751	470	475	ELMI001633	DOC	DOC_AGCK_PIF_1
P31994	290	295	ELMI000382	LIG	LIG_TYR_ITIM
P31994	292	296	ELMI003901	LIG	LIG_SH2_STAP1
P32004	1176	1179	ELMI000293	TRG	TRG_ENDOCYTIC_2
P32418	388	394	ELMI003034	LIG	LIG_14-3-3_CanoR_1
P32926	778	782	ELMI001926	CLV	CLV_C14_Caspase3-7
P32927	57	62	ELMI000585	MOD	MOD_N-GLC_1
P32927	190	195	ELMI000586	MOD	MOD_N-GLC_1
P32927	345	350	ELMI000587	MOD	MOD_N-GLC_1
P33076	831	837	ELMI001410	MOD	MOD_PKA_2
P33076	1047	1053	ELMI001411	MOD	MOD_PKA_2
P33527	296	301	ELMI004254	TRG	TRG_DiLeu_BaEn_1
P34931	638	641	ELMI001097	LIG	LIG_TPR
P35070	156	162	ELMI004282	TRG	TRG_DiLeu_BaEn_4
P35222	30	37	ELMI002616	MOD	MOD_GSK3_1
P35222	32	37	ELMI001302	DEG	DEG_SCF_TRCP1_1
P35222	243	248	ELMI001964	DOC	DOC_WW_Pin1_4
P35222	549	555	ELMI001502	MOD	MOD_PKA_1
P35222	672	678	ELMI001503	MOD	MOD_PKA_1
P35222	776	781	ELMI001576	LIG	LIG_PDZ_Class_1
P35236	38	50	ELMI003319	DOC	DOC_MAPK_HePTP_8
P35240	515	521	ELMI001513	MOD	MOD_PKA_1
P35555	2304	2306	ELMI002212	LIG	LIG_Integrin_isoDGR_2
P35568	431	436	ELMI002011	DOC	DOC_WW_Pin1_4
P35568	857	863	ELMI003065	DOC	DOC_MAPK_JIP1_4
P35568	896	899	ELMI003692	LIG	LIG_SH2_GRB2like
P35610	10	13	ELMI002082	TRG	TRG_ER_diArg_1
P35637	246	250	ELMI003470	MOD	MOD_PRMT_GGRGG_1
P35712	424	428	ELMI000215	LIG	LIG_CtBP_PxDLS_1
P36383	394	396	ELMI003532	LIG	LIG_PDZ_Wminus1_1
P36404	1	10	ELMI003892	LIG	LIG_ARL_BART_1
P36507	6	14	ELMI003388	DOC	DOC_MAPK_MEF2A_6
P36897	161	167	ELMI004284	TRG	TRG_DiLeu_BaEn_4
P36941	402	405	ELMI000047	LIG	LIG_TRAF2_1
P36956	421	427	ELMI003374	MOD	MOD_Plk_1
P36956	425	430	ELMI001384	DEG	DEG_SCF_FBW7_1
P36956	457	461	ELMI001908	CLV	CLV_C14_Caspase3-7
P36956	483	489	ELMI003373	MOD	MOD_Plk_1
P37088	641	644	ELMI002170	LIG	LIG_WW_1
P37231	106	109	ELMI002197	MOD	MOD_SUMO_for_1
P37231-2	81	86	ELMI002300	DOC	DOC_WW_Pin1_4
P37275	734	738	ELMI000085	LIG	LIG_CtBP_PxDLS_1
P37840	126	132	ELMI003378	MOD	MOD_Plk_2-3
P38398	501	508	ELMI001375	TRG	TRG_NLS_MonoExtN_4
P38398	502	507	ELMI001377	TRG	TRG_NLS_MonoCore_2
P38398	502	507	ELMI001376	TRG	TRG_NLS_MonoExtC_3
P38398	503	508	ELMI002400	TRG	TRG_NLS_MonoCore_2
P38398	503	508	ELMI002401	TRG	TRG_NLS_MonoExtC_3
P38398	504	512	ELMI002552	MOD	MOD_PKB_1
P38398	504	509	ELMI002399	TRG	TRG_NLS_MonoExtN_4
P38398	606	611	ELMI001374	TRG	TRG_NLS_MonoExtN_4
P38398	896	902	ELMI001039	DOC	DOC_PP1_RVXF_1
P38398	1384	1390	ELMI000961	MOD	MOD_PIKK_1
P38398	1420	1426	ELMI000962	MOD	MOD_PIKK_1
P38398	1521	1527	ELMI000963	MOD	MOD_PIKK_1
P38936	16	26	ELMI000067	DOC	DOC_CYCLIN_RxL_1
P38936	140	148	ELMI002426	MOD	MOD_PKB_1
P38936	142	158	ELMI002172	TRG	TRG_NLS_Bipartite_1
P38936	144	153	ELMI000791	LIG	LIG_PCNA_PIPBox_1
P38936	145	157	ELMI001943	DEG	DEG_CRL4_CDT2_1
P39748	337	346	ELMI000792	LIG	LIG_PCNA_PIPBox_1
P39880	1298	1307	ELMI000062	DOC	DOC_CYCLIN_RxL_1
P40189	42	47	ELMI000543	MOD	MOD_N-GLC_1
P40189	82	87	ELMI000544	MOD	MOD_N-GLC_1
P40189	130	135	ELMI000545	MOD	MOD_N-GLC_1
P40189	156	161	ELMI000546	MOD	MOD_N-GLC_1
P40189	226	231	ELMI000547	MOD	MOD_N-GLC_1
P40189	378	383	ELMI000548	MOD	MOD_N-GLC_1
P40189	382	387	ELMI000549	MOD	MOD_N-GLC_1
P40189	552	557	ELMI000550	MOD	MOD_N-GLC_1
P40189	563	568	ELMI000551	MOD	MOD_N-GLC_1
P40189	782	787	ELMI004285	TRG	TRG_DiLeu_BaLyEn_6
P40225	196	201	ELMI000534	MOD	MOD_N-GLC_1
P40225	205	210	ELMI000535	MOD	MOD_N-GLC_1
P40225	233	238	ELMI000536	MOD	MOD_N-GLC_1
P40225	254	259	ELMI000537	MOD	MOD_N-GLC_1
P40225	339	344	ELMI000538	MOD	MOD_N-GLC_1
P40225	347	352	ELMI000539	MOD	MOD_N-GLC_1
P40238	530	539	ELMI002956	LIG	LIG_ANK_PxLPxL_1
P40259	193	210	ELMI002199	LIG	LIG_TYR_ITAM
P40763	724	729	ELMI002020	DOC	DOC_WW_Pin1_4
P40855	18	29	ELMI002242	LIG	LIG_Pex3_1
P40855	71	75	ELMI002240	LIG	LIG_Pex14_2
P41161	66	73	ELMI002766	DEG	DEG_COP1_1
P41180	89	94	ELMI000552	MOD	MOD_N-GLC_1
P41180	129	134	ELMI000553	MOD	MOD_N-GLC_1
P41180	260	265	ELMI000554	MOD	MOD_N-GLC_1
P41180	286	291	ELMI000555	MOD	MOD_N-GLC_1
P41180	385	390	ELMI000556	MOD	MOD_N-GLC_1
P41180	445	450	ELMI000557	MOD	MOD_N-GLC_1
P41180	467	472	ELMI000558	MOD	MOD_N-GLC_1
P41180	487	492	ELMI000559	MOD	MOD_N-GLC_1
P41180	540	545	ELMI000560	MOD	MOD_N-GLC_1
P41180	1009	1014	ELMI004295	TRG	TRG_DiLeu_BaLyEn_6
P41212	254	260	ELMI001452	MOD	MOD_ProDKin_1
P41236	12	17	ELMI002630	DOC	DOC_PP1_SILK_1
P41743	579	584	ELMI001635	DOC	DOC_AGCK_PIF_2
P41970	273	277	ELMI000087	LIG	LIG_CtBP_PxDLS_1
P42285	8	14	ELMI003056	LIG	LIG_Rrp6Rrp47_Mtr4_1
P42566	599	601	ELMI000839	LIG	LIG_AP2alpha_2
P42566	623	625	ELMI000840	LIG	LIG_AP2alpha_2
P42566	629	631	ELMI000841	LIG	LIG_AP2alpha_2
P42566	634	636	ELMI000842	LIG	LIG_AP2alpha_2
P42566	640	642	ELMI000843	LIG	LIG_AP2alpha_2
P42566	645	647	ELMI000844	LIG	LIG_AP2alpha_2
P42566	651	653	ELMI000845	LIG	LIG_AP2alpha_2
P42566	664	666	ELMI000846	LIG	LIG_AP2alpha_2
P42566	672	674	ELMI000835	LIG	LIG_AP2alpha_2
P42566	692	694	ELMI000836	LIG	LIG_AP2alpha_2
P42566	709	711	ELMI000837	LIG	LIG_AP2alpha_2
P42566	737	739	ELMI000838	LIG	LIG_AP2alpha_2
P42566	798	800	ELMI000847	LIG	LIG_AP2alpha_2
P42566	804	806	ELMI000848	LIG	LIG_AP2alpha_2
P42566	825	827	ELMI000849	LIG	LIG_AP2alpha_2
P42695	1421	1427	ELMI003356	MOD	MOD_Plk_1
P42768	431	447	ELMI001660	LIG	LIG_Actin_WH2_1
P42768	466	474	ELMI003343	LIG	LIG_GBD_Chelix_1
P42858	547	551	ELMI001912	CLV	CLV_C14_Caspase3-7
P43146	1146	1155	ELMI003302	DOC	DOC_MAPK_DCC_7
P43146	1331	1339	ELMI001102	DEG	DEG_SIAH_1
P43268	74	81	ELMI002765	DEG	DEG_COP1_1
P43489	262	265	ELMI000046	LIG	LIG_TRAF2_1
P43630	396	401	ELMI000383	LIG	LIG_TYR_ITIM
P45985	40	48	ELMI001023	DOC	DOC_MAPK_gen_1
P45985	41	48	ELMI003299	DOC	DOC_MAPK_MEF2A_6
P45985	41	49	ELMI003090	DOC	DOC_MAPK_NFAT4_5
P46108	221	225	ELMI003743	LIG	LIG_SH2_CRK
P46527	27	37	ELMI000069	DOC	DOC_CYCLIN_RxL_1
P46527	152	160	ELMI002425	MOD	MOD_PKB_1
P46527	183	190	ELMI001938	DEG	DEG_SCF_SKP2-CKS1_1
P46527	184	189	ELMI001962	DOC	DOC_WW_Pin1_4
P46527	184	190	ELMI002138	MOD	MOD_CDK_SPxK_1
P46527	196	198	ELMI002979	LIG	LIG_14-3-3_CterR_2
P46531	1767	1770	ELMI002957	LIG	LIG_CSL_BTD_1
P46531	2118	2123	ELMI002029	DOC	DOC_WW_Pin1_4
P46531	2129	2134	ELMI002030	DOC	DOC_WW_Pin1_4
P46531	2133	2138	ELMI002031	DOC	DOC_WW_Pin1_4
P46531	2508	2515	ELMI001401	DEG	DEG_SCF_FBW7_2
P46934-4	264	274	ELMI004460	LIG	LIG_LIR_Gen_1
P46937	95	98	ELMI003939	DOC	DOC_PP4_FxxP_1
P46937	124	129	ELMI002993	LIG	LIG_14-3-3_CanoR_1
P46937	499	504	ELMI002261	LIG	LIG_PDZ_Class_1
P46937	502	504	ELMI003536	LIG	LIG_PDZ_Wminus1_1
P46937-2	56	62	ELMI002402	MOD	MOD_LATS_1
P46937-2	104	110	ELMI002403	MOD	MOD_LATS_1
P46937-2	122	128	ELMI002404	MOD	MOD_LATS_1
P46937-2	124	129	ELMI002994	LIG	LIG_14-3-3_CanoR_1
P46937-2	159	165	ELMI002405	MOD	MOD_LATS_1
P46937-2	376	382	ELMI002406	MOD	MOD_LATS_1
P46937-2	381	387	ELMI002260	MOD	MOD_CK1_1
P46937-2	483	488	ELMI002271	LIG	LIG_PDZ_Class_1
P46937-3	449	454	ELMI002270	LIG	LIG_PDZ_Class_1
P46940	806	825	ELMI001869	LIG	LIG_CaM_IQ_9
P46940	836	854	ELMI001870	LIG	LIG_CaM_IQ_9
P47902	133	136	ELMI000753	LIG	LIG_HOMEOBOX
P48023	183	188	ELMI000582	MOD	MOD_N-GLC_1
P48023	249	254	ELMI000583	MOD	MOD_N-GLC_1
P48023	259	264	ELMI000584	MOD	MOD_N-GLC_1
P48039	345	350	ELMI001589	LIG	LIG_PDZ_Class_3
P48048	216	222	ELMI001426	MOD	MOD_PKA_2
P48048	310	316	ELMI001427	MOD	MOD_PKA_2
P48050	440	445	ELMI001574	LIG	LIG_PDZ_Class_1
P48382	173	180	ELMI002952	LIG	LIG_ANK_PxLPxL_1
P48436	61	67	ELMI001511	MOD	MOD_PKA_1
P48539	40	59	ELMI001887	LIG	LIG_CaM_IQ_9
P48552	20	26	ELMI000771	LIG	LIG_NRBOX
P48552	132	138	ELMI000772	LIG	LIG_NRBOX
P48552	184	190	ELMI000773	LIG	LIG_NRBOX
P48552	265	271	ELMI000774	LIG	LIG_NRBOX
P48552	379	385	ELMI000775	LIG	LIG_NRBOX
P48552	440	444	ELMI000089	LIG	LIG_CtBP_PxDLS_1
P48552	499	505	ELMI000776	LIG	LIG_NRBOX
P48552	500	506	ELMI000777	LIG	LIG_NRBOX
P48552	712	718	ELMI000778	LIG	LIG_NRBOX
P48552	818	824	ELMI000779	LIG	LIG_NRBOX
P48552	935	941	ELMI000780	LIG	LIG_NRBOX
P49023	4	12	ELMI002433	LIG	LIG_FAT_LD_1
P49023	39	48	ELMI004461	LIG	LIG_LIR_Gen_1
P49023	118	122	ELMI003741	LIG	LIG_SH2_CRK
P49023	266	274	ELMI001518	LIG	LIG_FAT_LD_1
P49137	354	368	ELMI001205	TRG	TRG_NES_CRM1_1
P49137	370	386	ELMI002941	DOC	DOC_MAPK_RevD_3
P49257	507	510	ELMI000363	TRG	TRG_ER_diLys_1
P49407	385	395	ELMI001207	TRG	TRG_AP2beta_CARGO_1
P49418	290	294	ELMI003660	MOD	MOD_DYRK1A_RPxSP_1
P49418	324	328	ELMI000296	LIG	LIG_AP2alpha_1
P49418	351	355	ELMI000450	LIG	LIG_Clathr_ClatBox_1
P49418	380	385	ELMI000453	LIG	LIG_Clathr_ClatBox_2
P49639	205	208	ELMI000754	LIG	LIG_HOMEOBOX
P49685	352	354	ELMI002071	TRG	TRG_ER_diArg_1
P49685	356	360	ELMI002983	LIG	LIG_14-3-3_CterR_2
P49715	160	166	ELMI001232	LIG	LIG_KEPE_1
P49715	160	168	ELMI001237	LIG	LIG_KEPE_2
P49715	160	169	ELMI001241	LIG	LIG_KEPE_3
P49715	160	163	ELMI000856	MOD	MOD_SUMO_for_1
P49716	119	122	ELMI000858	MOD	MOD_SUMO_for_1
P49736	105	111	ELMI000965	MOD	MOD_PIKK_1
P49755	204	219	ELMI000495	TRG	TRG_Golgi_diPhe_1
P49755	215	219	ELMI000494	TRG	TRG_ER_diLys_1
P49757	616	623	ELMI002841	DEG	DEG_MDM2_SWIB_1
P49757	636	640	ELMI001132	LIG	LIG_EH_1
P49767	226	227	ELMI004005	LIG	LIG_NRP_CendR_1
P49768	351	358	ELMI003227	MOD	MOD_CDK_SPxxK_3
P49768	462	467	ELMI002184	LIG	LIG_PDZ_Class_2
P49792	2568	2572	ELMI002860	MOD	MOD_SUMO_rev_2
P49792	2588	2593	ELMI002890	MOD	MOD_SUMO_rev_2
P49792	2629	2637	ELMI002817	LIG	LIG_SUMO_SIM_anti_2
P49792	2631	2637	ELMI002776	LIG	LIG_SUMO_SIM_par_1
P49796-3	940	948	ELMI003022	LIG	LIG_14-3-3_CanoR_1
P49815	934	942	ELMI002554	MOD	MOD_PKB_1
P49815	976	984	ELMI002555	MOD	MOD_PKB_1
P49815	1127	1135	ELMI002556	MOD	MOD_PKB_1
P49815	1457	1465	ELMI002557	MOD	MOD_PKB_1
P49915	321	325	ELMI003685	DOC	DOC_USP7_UBL2_3
P49918	28	38	ELMI000070	DOC	DOC_CYCLIN_RxL_1
P49918	270	282	ELMI002104	DEG	DEG_CRL4_CDT2_1
P49918	306	313	ELMI001939	DEG	DEG_SCF_SKP2-CKS1_1
P49918	307	313	ELMI002606	MOD	MOD_CDK_SPxK_1
P50539	9	19	ELMI000272	LIG	LIG_Sin3_1
P50542	62	67	ELMI002818	LIG	LIG_Pex14_3
P50542	118	122	ELMI002213	LIG	LIG_Pex14_1
P50542	140	144	ELMI002214	LIG	LIG_Pex14_1
P50542	159	163	ELMI002215	LIG	LIG_Pex14_1
P50542	184	188	ELMI002216	LIG	LIG_Pex14_1
P50542	243	247	ELMI002217	LIG	LIG_Pex14_1
P50542	257	261	ELMI002218	LIG	LIG_Pex14_1
P50542	308	312	ELMI002219	LIG	LIG_Pex14_1
P50549	67	74	ELMI002764	DEG	DEG_COP1_1
P50552	204	210	ELMI003398	LIG	LIG_PROFILIN_1
P50570	829	834	ELMI002131	LIG	LIG_SH3_2
P50616	130	142	ELMI001610	LIG	LIG_PAM2_1
P50616	151	157	ELMI001433	MOD	MOD_ProDKin_1
P50616	265	277	ELMI001611	LIG	LIG_PAM2_1
P50750	87	94	ELMI003213	MOD	MOD_CDK_SPxxK_3
P50895	604	609	ELMI004258	TRG	TRG_DiLeu_BaEn_1
P50995	4	14	ELMI002656	LIG	LIG_EF_ALG2_ABM_1
P51168	617	620	ELMI002168	LIG	LIG_WW_1
P51170	624	627	ELMI002169	LIG	LIG_WW_1
P51451	497	505	ELMI000135	MOD	MOD_TYR_CSK
P51531	1292	1308	ELMI003124	LIG	LIG_Rb_LxCxE_1
P51532	1355	1371	ELMI003139	LIG	LIG_Rb_LxCxE_1
P51587	27	35	ELMI002975	LIG	LIG_PALB2_WD40_1
P51587	190	196	ELMI003355	MOD	MOD_Plk_1
P51587	1114	1119	ELMI003175	DOC	DOC_PP2A_B56_1
P51617	168	172	ELMI001695	LIG	LIG_EVH1_1
P51617	540	548	ELMI000027	LIG	LIG_TRAF6_MATH_1
P51617	583	591	ELMI000028	LIG	LIG_TRAF6_MATH_1
P51617	702	710	ELMI000029	LIG	LIG_TRAF6_MATH_1
P51788	619	624	ELMI004256	TRG	TRG_DiLeu_BaEn_1
P51790-2	861	866	ELMI002608	LIG	LIG_PDZ_Class_1
P51955	172	177	ELMI002463	MOD	MOD_NEK2_1
P51955	381	387	ELMI002444	DOC	DOC_PP1_RVXF_1
P51955	443	445	ELMI002481	DEG	DEG_APCC_TPR_1
P51959	287	292	ELMI003171	DOC	DOC_PP2A_B56_1
P52564	7	15	ELMI003289	DOC	DOC_MAPK_MEF2A_6
P52565	171	177	ELMI001421	MOD	MOD_PKA_2
P52566	16	20	ELMI001921	CLV	CLV_C14_Caspase3-7
P52594	433	437	ELMI001122	LIG	LIG_EH_1
P52594	448	452	ELMI001123	LIG	LIG_EH_1
P52594	539	543	ELMI001121	LIG	LIG_EH_1
P52594	558	562	ELMI001120	LIG	LIG_EH_1
P52701	4	13	ELMI000799	LIG	LIG_PCNA_PIPBox_1
P52799	304	308	ELMI003879	LIG	LIG_SH2_NCK_1
P52945	119	122	ELMI000764	LIG	LIG_HOMEOBOX
P53350	336	344	ELMI001004	DEG	DEG_APCC_DBOX_1
P53804	1205	1217	ELMI001616	LIG	LIG_PAM2_1
P53990	351	362	ELMI004430	DOC	DOC_MIT_MIM_1
P54132	96	102	ELMI000973	MOD	MOD_PIKK_1
P54132	119	125	ELMI000974	MOD	MOD_PIKK_1
P54132	1322	1326	ELMI003614	LIG	LIG_MLH1_MIPbox_1
P54252	253	260	ELMI001861	MOD	MOD_GSK3_1
P54253	44	47	ELMI002971	LIG	LIG_CSL_BTD_1
P54253	769	774	ELMI001400	TRG	TRG_NLS_MonoCore_2
P54253	770	775	ELMI001398	LIG	LIG_ULM_U2AF65_1
P54253	773	777	ELMI002985	LIG	LIG_14-3-3_CanoR_1
P54259	103	107	ELMI002256	CLV	CLV_C14_Caspase3-7
P54259	106	110	ELMI001933	CLV	CLV_C14_Caspase3-7
P54274	12	19	ELMI002053	DOC	DOC_ANK_TNKS_1
P54274	146	151	ELMI001990	DOC	DOC_WW_Pin1_4
P54274	216	222	ELMI000955	MOD	MOD_PIKK_1
P54652	636	639	ELMI000038	LIG	LIG_TPR
P54829	239	251	ELMI003316	DOC	DOC_MAPK_HePTP_8
P54845	23	29	ELMI001234	LIG	LIG_KEPE_1
P55011	985	990	ELMI004288	TRG	TRG_DiLeu_BaLyEn_6
P55017	19	23	ELMI001486	DOC	DOC_SPAK_OSR1_1
P55087	288	293	ELMI004253	TRG	TRG_DiLeu_BaEn_1
P55210	23	27	ELMI001431	LIG	LIG_BIR_III_2
P55211	122	127	ELMI003234	MOD	MOD_CDK_SPK_2
P55211	191	199	ELMI002548	MOD	MOD_PKB_1
P55211	315	319	ELMI001318	LIG	LIG_BIR_III_2
P55211	327	331	ELMI001932	CLV	CLV_C14_Caspase3-7
P55212	20	24	ELMI001931	CLV	CLV_C14_Caspase3-7
P55212	176	180	ELMI001929	CLV	CLV_C14_Caspase3-7
P55212	190	194	ELMI001930	CLV	CLV_C14_Caspase3-7
P55317	399	407	ELMI000939	LIG	LIG_EH1_1
P55854	10	13	ELMI000881	MOD	MOD_SUMO_for_1
P56524	48	52	ELMI000213	LIG	LIG_CtBP_PxDLS_1
P56524	242	248	ELMI002999	LIG	LIG_14-3-3_CanoR_1
P56524	349	358	ELMI002947	LIG	LIG_ANK_PxLPxL_1
P56524	464	469	ELMI003000	LIG	LIG_14-3-3_CanoR_1
P56524	558	566	ELMI001250	LIG	LIG_KEPE_2
P56524	558	561	ELMI000864	MOD	MOD_SUMO_for_1
P56524	629	634	ELMI003001	LIG	LIG_14-3-3_CanoR_1
P56559	1	7	ELMI002318	MOD	MOD_NMyristoyl
P56915	5	13	ELMI000977	LIG	LIG_EH1_1
P56945	362	366	ELMI003732	LIG	LIG_SH2_CRK
P56962	171	180	ELMI004462	LIG	LIG_LIR_Gen_1
P57682	61	65	ELMI000079	LIG	LIG_CtBP_PxDLS_1
P57682	90	97	ELMI003290	DOC	DOC_MAPK_MEF2A_6
P58340	31	36	ELMI003005	LIG	LIG_14-3-3_CanoR_1
P60321	6	15	ELMI002756	LIG	LIG_CNOT1_NIM_1
P60323	4	13	ELMI002757	LIG	LIG_CNOT1_NIM_1
P60484	381	385	ELMI002111	CLV	CLV_C14_Caspase3-7
P60484	382	388	ELMI002142	MOD	MOD_CK2_1
P60953	188	191	ELMI002604	MOD	MOD_CAAXbox
P61081	1	4	ELMI002901	LIG	LIG_DCNL_PONY_1
P61081	4	12	ELMI002898	LIG	LIG_UBA3_1
P61925	37	51	ELMI000921	TRG	TRG_NES_CRM1_1
P61956	10	13	ELMI000882	MOD	MOD_SUMO_for_1
P61978	297	301	ELMI003469	MOD	MOD_PRMT_GGRGG_1
P63096	1	7	ELMI002319	MOD	MOD_NMyristoyl
P63098	1	7	ELMI002320	MOD	MOD_NMyristoyl
P63165	3	8	ELMI002864	MOD	MOD_SUMO_rev_2
P68431	9	17	ELMI003020	LIG	LIG_14-3-3_CanoR_1
P68431	27	31	ELMI003011	LIG	LIG_14-3-3_CanoR_1
P78314	208	213	ELMI004389	LIG	LIG_SH3_CIN85_PxpxPR_1
P78314	222	227	ELMI003040	LIG	LIG_14-3-3_CanoR_1
P78314	276	280	ELMI003013	LIG	LIG_14-3-3_CanoR_1
P78314	414	421	ELMI002044	DOC	DOC_ANK_TNKS_1
P78317	34	41	ELMI002809	LIG	LIG_SUMO_SIM_anti_2
P78317	45	50	ELMI002779	LIG	LIG_SUMO_SIM_par_1
P78317	57	62	ELMI002777	LIG	LIG_SUMO_SIM_par_1
P78317	66	72	ELMI002810	LIG	LIG_SUMO_SIM_anti_2
P78317	66	72	ELMI002778	LIG	LIG_SUMO_SIM_par_1
P78363	97	102	ELMI000561	MOD	MOD_N-GLC_1
P78363	414	419	ELMI000562	MOD	MOD_N-GLC_1
P78363	443	448	ELMI000563	MOD	MOD_N-GLC_1
P78363	503	508	ELMI000564	MOD	MOD_N-GLC_1
P78363	1468	1473	ELMI000565	MOD	MOD_N-GLC_1
P78363	1528	1533	ELMI000566	MOD	MOD_N-GLC_1
P78363	1587	1592	ELMI000567	MOD	MOD_N-GLC_1
P78363	1661	1666	ELMI000568	MOD	MOD_N-GLC_1
P78381	392	396	ELMI002596	TRG	TRG_ER_diLys_1
P78396	135	140	ELMI003264	LIG	LIG_APCC_ABBA_1
P78527	2710	2714	ELMI001906	CLV	CLV_C14_Caspase3-7
P78543	144	149	ELMI002033	DOC	DOC_WW_Pin1_4
P84022	176	181	ELMI001991	DOC	DOC_WW_Pin1_4
P84022	201	206	ELMI001992	DOC	DOC_WW_Pin1_4
P84022	201	208	ELMI002176	MOD	MOD_GSK3_1
P84022	205	210	ELMI001993	DOC	DOC_WW_Pin1_4
P84022	210	215	ELMI001994	DOC	DOC_WW_Pin1_4
P84077	1	7	ELMI002321	MOD	MOD_NMyristoyl
P98082	293	295	ELMI002609	LIG	LIG_AP2alpha_2
P98082	298	300	ELMI002610	LIG	LIG_AP2alpha_2
P98082	715	720	ELMI004395	LIG	LIG_SH3_CIN85_PxpxPR_1
P98172	317	321	ELMI003874	LIG	LIG_SH2_NCK_1
P98174	280	287	ELMI002582	MOD	MOD_GSK3_1
P98174	282	287	ELMI002123	DEG	DEG_SCF_TRCP1_1
P98177	27	35	ELMI002279	MOD	MOD_PKB_1
P98177	29	34	ELMI002988	LIG	LIG_14-3-3_CanoR_1
P98177	192	200	ELMI002280	MOD	MOD_PKB_1
P98177	194	199	ELMI003025	LIG	LIG_14-3-3_CanoR_1
Q00610	511	522	ELMI004491	LIG	LIG_LIR_Gen_1
Q00613	297	300	ELMI000865	MOD	MOD_SUMO_for_1
Q00613	300	307	ELMI002190	MOD	MOD_GSK3_1
Q00613	304	310	ELMI002191	MOD	MOD_ProDKin_1
Q00839	262	267	ELMI002886	MOD	MOD_SUMO_rev_2
Q00975	2337	2339	ELMI003526	LIG	LIG_PDZ_Wminus1_1
Q00987	118	124	ELMI003828	MOD	MOD_CK1_1
Q00987	147	151	ELMI001069	DOC	DOC_USP7_MATH_1
Q00987	161	169	ELMI002550	MOD	MOD_PKB_1
Q00987	181	189	ELMI002551	MOD	MOD_PKB_1
Q00987	226	230	ELMI001070	DOC	DOC_USP7_MATH_1
Q00987	392	398	ELMI000953	MOD	MOD_PIKK_1
Q00987	397	401	ELMI002274	DOC	DOC_USP7_MATH_1
Q00987	404	410	ELMI002276	MOD	MOD_PIKK_1
Q01082	1454	1458	ELMI001911	CLV	CLV_C14_Caspase3-7
Q01094	28	34	ELMI000968	MOD	MOD_PIKK_1
Q01094	87	97	ELMI000075	DOC	DOC_CYCLIN_RxL_1
Q01094	97	100	ELMI001521	LIG	LIG_HCF-1_HBM_1
Q01094	419	427	ELMI001516	LIG	LIG_Rb_pABgroove_1
Q01113	517	521	ELMI002980	LIG	LIG_14-3-3_CterR_2
Q01196	450	453	ELMI000741	LIG	LIG_WRPW_1
Q01344	415	420	ELMI001597	LIG	LIG_PDZ_Class_1
Q01432	82	90	ELMI003291	DOC	DOC_MAPK_MEF2A_6
Q01453	40	45	ELMI000610	MOD	MOD_N-GLC_1
Q01484	1591	1600	ELMI004464	LIG	LIG_LIR_Gen_1
Q01668	53	60	ELMI003647	LIG	LIG_CaM_NSCaTE_8
Q01668	2033	2038	ELMI004106	LIG	LIG_WRC_WIRS_1
Q01726	160	163	ELMI002083	TRG	TRG_ER_diArg_1
Q01814	1180	1185	ELMI004290	TRG	TRG_DiLeu_BaLyEn_6
Q01814	1238	1243	ELMI002439	LIG	LIG_PDZ_Class_1
Q01844	488	492	ELMI003464	MOD	MOD_PRMT_GGRGG_1
Q01844	573	577	ELMI003466	MOD	MOD_PRMT_GGRGG_1
Q01844	590	594	ELMI003467	MOD	MOD_PRMT_GGRGG_1
Q01844	634	638	ELMI003465	MOD	MOD_PRMT_GGRGG_1
Q01860	9	14	ELMI001970	DOC	DOC_WW_Pin1_4
Q01973	789	793	ELMI003745	LIG	LIG_SH2_CRK
Q02078	269	277	ELMI001024	DOC	DOC_MAPK_gen_1
Q02078	270	277	ELMI003277	DOC	DOC_MAPK_MEF2A_6
Q02078	402	405	ELMI002189	MOD	MOD_SUMO_for_1
Q02078	405	411	ELMI002187	MOD	MOD_CDK_SPxK_1
Q02156	343	348	ELMI002989	LIG	LIG_14-3-3_CanoR_1
Q02156	364	370	ELMI003043	LIG	LIG_14-3-3_CanoR_1
Q02363	24	28	ELMI003657	MOD	MOD_DYRK1A_RPxSP_1
Q02363	99	107	ELMI001035	DEG	DEG_APCC_DBOX_1
Q02410	376	382	ELMI002567	LIG	LIG_CaMK_CASK_1
Q02410	832	837	ELMI001594	LIG	LIG_PDZ_Class_2
Q02413	885	889	ELMI001927	CLV	CLV_C14_Caspase3-7
Q02447	550	553	ELMI000884	MOD	MOD_SUMO_for_1
Q02548	178	186	ELMI000940	LIG	LIG_EH1_1
Q02750	3	11	ELMI001022	DOC	DOC_MAPK_gen_1
Q02779	877	883	ELMI003066	DOC	DOC_MAPK_JIP1_4
Q03001	7545	7558	ELMI001286	LIG	LIG_SxIP_EBH_1
Q03112	584	588	ELMI000082	LIG	LIG_CtBP_PxDLS_1
Q03164	513	519	ELMI002459	MOD	MOD_PIKK_1
Q03164	2664	2670	ELMI000911	CLV	CLV_TASPASE1
Q03164	2716	2722	ELMI000912	CLV	CLV_TASPASE1
Q03164	3763	3769	ELMI002645	LIG	LIG_WD40_WDR5_WIN_1
Q04206	138	142	ELMI001188	LIG	LIG_EH_1
Q04206	251	256	ELMI001961	DOC	DOC_WW_Pin1_4
Q04206	301	307	ELMI002162	TRG	TRG_NLS_MonoExtC_3
Q04637	612	618	ELMI002090	LIG	LIG_eIF4E_1
Q04721	1709	1712	ELMI002958	LIG	LIG_CSL_BTD_1
Q05193	833	838	ELMI000178	LIG	LIG_SH3_2
Q05193-3	843	849	ELMI002614	DOC	DOC_PP2B_PxIxI_1
Q05195	9	19	ELMI000271	LIG	LIG_Sin3_1
Q05397	397	400	ELMI002126	LIG	LIG_SH2_SRC
Q05397	712	717	ELMI002195	LIG	LIG_SH3_2
Q05397	907	912	ELMI002032	DOC	DOC_WW_Pin1_4
Q05397	907	913	ELMI001460	MOD	MOD_ProDKin_1
Q05397	925	928	ELMI000405	LIG	LIG_SH2_GRB2like
Q05513	575	580	ELMI001636	DOC	DOC_AGCK_PIF_2
Q05586	893	895	ELMI002064	TRG	TRG_ER_diArg_1
Q05586	894	900	ELMI002147	MOD	MOD_PKA_1
Q05586-4	893	895	ELMI002450	TRG	TRG_ER_diArg_1
Q05586-4	917	922	ELMI002449	LIG	LIG_PDZ_Class_1
Q05655	326	330	ELMI001919	CLV	CLV_C14_Caspase3-7
Q06124	546	549	ELMI000815	LIG	LIG_SH2_GRB2like
Q06124	584	587	ELMI003696	LIG	LIG_SH2_GRB2like
Q06187	186	192	ELMI000176	LIG	LIG_SH3_1
Q06187	200	206	ELMI000177	LIG	LIG_SH3_1
Q06265	393	403	ELMI002780	LIG	LIG_SUMO_SIM_par_1
Q06413	251	259	ELMI003278	DOC	DOC_MAPK_MEF2A_6
Q06481	733	740	ELMI003224	MOD	MOD_CDK_SPxxK_3
Q06609	315	321	ELMI000151	LIG	LIG_SH3_1
Q07011	234	237	ELMI000044	LIG	LIG_TRAF2_1
Q07011	246	249	ELMI000045	LIG	LIG_TRAF2_1
Q07108	111	113	ELMI000125	MOD	MOD_N-GLC_2
Q07343	73	79	ELMI003067	DOC	DOC_MAPK_JIP1_4
Q07666	98	104	ELMI002861	MOD	MOD_SUMO_rev_2
Q07820	77	84	ELMI002057	DOC	DOC_ANK_TNKS_1
Q07820	89	95	ELMI003250	MOD	MOD_CDK_SPxK_1
Q07820	137	143	ELMI003068	DOC	DOC_MAPK_JIP1_4
Q07889	1151	1156	ELMI000183	LIG	LIG_SH3_2
Q07889	1152	1157	ELMI000184	LIG	LIG_SH3_2
Q07889	1164	1170	ELMI001442	MOD	MOD_ProDKin_1
Q07889	1175	1181	ELMI001443	MOD	MOD_ProDKin_1
Q07889	1190	1196	ELMI001444	MOD	MOD_ProDKin_1
Q07954	4467	4474	ELMI001560	LIG	LIG_PTB_Apo_2
Q07954	4467	4473	ELMI001543	LIG	LIG_PTB_Phospho_1
Q07954	4501	4508	ELMI001562	LIG	LIG_PTB_Apo_2
Q07954	4501	4507	ELMI001546	LIG	LIG_PTB_Phospho_1
Q07954	4526	4531	ELMI004252	TRG	TRG_DiLeu_BaEn_1
Q07955	224	228	ELMI003667	MOD	MOD_DYRK1A_RPxSP_1
Q08050	736	742	ELMI003357	MOD	MOD_Plk_1
Q08050-2	712	718	ELMI003358	MOD	MOD_Plk_1
Q08999	677	687	ELMI000060	DOC	DOC_CYCLIN_RxL_1
Q08999	1125	1136	ELMI003972	DOC	DOC_CYCLIN_D_Helix_1
Q09428	648	651	ELMI002065	TRG	TRG_ER_diArg_1
Q0VD86	20	27	ELMI003215	MOD	MOD_CDK_SPxxK_3
Q10567	632	636	ELMI000438	LIG	LIG_Clathr_ClatBox_1
Q12772	465	469	ELMI001907	CLV	CLV_C14_Caspase3-7
Q12772	519	523	ELMI002706	CLV	CLV_PCSK_SKI1_1
Q12778	322	328	ELMI003816	MOD	MOD_CK1_1
Q12792	323	333	ELMI004172	LIG	LIG_ActinCP_TwfCPI_2
Q12800	286	291	ELMI002305	DOC	DOC_WW_Pin1_4
Q12800	288	293	ELMI002012	DOC	DOC_WW_Pin1_4
Q12800	306	311	ELMI002013	DOC	DOC_WW_Pin1_4
Q12800	326	331	ELMI002014	DOC	DOC_WW_Pin1_4
Q12830	729	734	ELMI002830	DEG	DEG_Kelch_Keap1_1
Q12834	77	83	ELMI002507	LIG	LIG_APCC_Cbox_1
Q12834	96	100	ELMI001006	DEG	DEG_APCC_KENBOX_2
Q12834	129	137	ELMI000283	LIG	LIG_MAD2
Q12834	497	499	ELMI002492	DEG	DEG_APCC_TPR_1
Q12929	210	216	ELMI003807	LIG	LIG_SH3_3
Q12929	215	221	ELMI003806	LIG	LIG_SH3_3
Q12955	3254	3258	ELMI001681	LIG	LIG_EVH1_1
Q12959	155	161	ELMI003253	MOD	MOD_CDK_SPxK_1
Q12959	440	446	ELMI003254	MOD	MOD_CDK_SPxK_1
Q12959	597	602	ELMI001310	DEG	DEG_SCF_TRCP1_1
Q12968	146	154	ELMI003096	DOC	DOC_MAPK_NFAT4_5
Q12968	393	396	ELMI002689	DOC	DOC_PP2B_LxvP_1
Q12972	198	204	ELMI001072	DOC	DOC_PP1_RVXF_1
Q12982	95	104	ELMI002934	LIG	LIG_KLC1_WD_1
Q12983	82	88	ELMI004487	LIG	LIG_LIR_Gen_1
Q12986	11	23	ELMI001614	LIG	LIG_PAM2_1
Q13009	1572	1578	ELMI002569	LIG	LIG_CaMK_CASK_1
Q13023	434	442	ELMI003095	DOC	DOC_MAPK_NFAT4_5
Q13029	309	328	ELMI003126	LIG	LIG_Rb_LxCxE_1
Q13043	323	327	ELMI001902	CLV	CLV_C14_Caspase3-7
Q13043	359	374	ELMI000919	TRG	TRG_NES_CRM1_1
Q13085	1262	1266	ELMI001256	LIG	LIG_BRCT_BRCA1_1
Q13094	113	117	ELMI003886	LIG	LIG_SH2_NCK_1
Q13094	128	132	ELMI003887	LIG	LIG_SH2_NCK_1
Q13094	145	149	ELMI003888	LIG	LIG_SH2_NCK_1
Q13111	238	242	ELMI000246	LIG	LIG_HP1_1
Q13114	349	355	ELMI003831	MOD	MOD_CK1_1
Q13118	39	48	ELMI000638	LIG	LIG_Sin3_2
Q13118	200	208	ELMI001114	DEG	DEG_SIAH_1
Q13136	1197	1202	ELMI001596	LIG	LIG_PDZ_Class_2
Q13137	132	136	ELMI002684	LIG	LIG_LIR_LC3C_4
Q13153	13	18	ELMI002173	LIG	LIG_SH3_2
Q13158	197	203	ELMI003810	MOD	MOD_CK1_1
Q13177	209	213	ELMI001918	CLV	CLV_C14_Caspase3-7
Q13188	319	323	ELMI001903	CLV	CLV_C14_Caspase3-7
Q13191	491	499	ELMI003309	DOC	DOC_MAPK_DCC_7
Q13191	665	669	ELMI003726	LIG	LIG_SH2_CRK
Q13191	709	713	ELMI003727	LIG	LIG_SH2_CRK
Q13191	802	806	ELMI003707	LIG	LIG_SH2_STAP1
Q13191	906	911	ELMI004428	LIG	LIG_SH3_CIN85_PxpxPR_1
Q13233	1078	1086	ELMI003099	DOC	DOC_MAPK_NFAT4_5
Q13247	300	304	ELMI003654	MOD	MOD_DYRK1A_RPxSP_1
Q13255	1147	1151	ELMI001697	LIG	LIG_EVH1_2
Q13263	486	490	ELMI000250	LIG	LIG_HP1_1
Q13268	253	258	ELMI001600	LIG	LIG_PDZ_Class_1
Q13275	778	779	ELMI003999	LIG	LIG_NRP_CendR_1
Q13291	277	284	ELMI000142	LIG	LIG_TYR_ITSM
Q13291	323	330	ELMI000143	LIG	LIG_TYR_ITSM
Q13309	2	10	ELMI002115	DEG	DEG_APCC_DBOX_1
Q13309	67	72	ELMI002595	TRG	TRG_NLS_MonoExtN_4
Q13322	147	153	ELMI001450	MOD	MOD_ProDKin_1
Q13322	473	479	ELMI001463	MOD	MOD_ProDKin_1
Q13323	53	69	ELMI003195	LIG	LIG_BH_BH3_1
Q13330	709	715	ELMI002782	LIG	LIG_SUMO_SIM_par_1
Q13352	2	10	ELMI000073	DOC	DOC_CYCLIN_RxL_1
Q13352-2	2	10	ELMI003459	DOC	DOC_CYCLIN_RxL_1
Q13367	808	812	ELMI000451	LIG	LIG_Clathr_ClatBox_1
Q13402	748	763	ELMI003599	LIG	LIG_CaM_IQ_9
Q13402	771	787	ELMI003600	LIG	LIG_CaM_IQ_9
Q13402	817	833	ELMI003601	LIG	LIG_CaM_IQ_9
Q13402	840	856	ELMI003602	LIG	LIG_CaM_IQ_9
Q13402	1636	1641	ELMI002829	DEG	DEG_Kelch_Keap1_1
Q13409	156	162	ELMI001218	LIG	LIG_Dynein_DLC8_1
Q13416	113	119	ELMI003255	MOD	MOD_CDK_SPxK_1
Q13416	223	230	ELMI003256	MOD	MOD_CDK_SPxxK_3
Q13422	34	38	ELMI000083	LIG	LIG_CtBP_PxDLS_1
Q13426	231	237	ELMI000985	LIG	LIG_FHA_2
Q13444	767	772	ELMI002435	LIG	LIG_SH3_2
Q13459	1250	1256	ELMI003069	DOC	DOC_MAPK_JIP1_4
Q13464	394	399	ELMI001627	DOC	DOC_AGCK_PIF_1
Q13464	1110	1114	ELMI001925	CLV	CLV_C14_Caspase3-7
Q13469	369	372	ELMI002688	DOC	DOC_PP2B_LxvP_1
Q13480	527	536	ELMI003306	DOC	DOC_MAPK_DCC_7
Q13480-2	447	450	ELMI002573	LIG	LIG_SH2_STAT5
Q13480-2	472	475	ELMI002574	LIG	LIG_SH2_STAT5
Q13480-2	619	622	ELMI002575	LIG	LIG_SH2_STAT5
Q13492	436	440	ELMI001184	LIG	LIG_EH_1
Q13492	638	642	ELMI001185	LIG	LIG_EH_1
Q13501	335	346	ELMI004465	LIG	LIG_LIR_Gen_1
Q13501	347	352	ELMI002823	DEG	DEG_Kelch_Keap1_1
Q13516	10	16	ELMI003836	MOD	MOD_CK2_1
Q13541	54	60	ELMI002096	LIG	LIG_eIF4E_1
Q13541	114	118	ELMI001211	DOC	DOC_WD40_RPTOR_TOS_1
Q13542	54	60	ELMI002097	LIG	LIG_eIF4E_1
Q13542	116	120	ELMI001212	DOC	DOC_WD40_RPTOR_TOS_1
Q13547	411	428	ELMI003141	LIG	LIG_Rb_LxCxE_1
Q13547	443	446	ELMI000862	MOD	MOD_SUMO_for_1
Q13547	475	478	ELMI000863	MOD	MOD_SUMO_for_1
Q13563	6	10	ELMI001301	TRG	TRG_Cilium_RVxP_2
Q13569	329	332	ELMI000885	MOD	MOD_SUMO_for_1
Q13586	637	651	ELMI001289	LIG	LIG_SxIP_EBH_1
Q13627	315	325	ELMI000390	MOD	MOD_TYR_DYR
Q13698	1523	1542	ELMI001901	LIG	LIG_CaM_IQ_9
Q13724	656	661	ELMI000611	MOD	MOD_N-GLC_1
Q13761	412	415	ELMI000746	LIG	LIG_WRPW_1
Q13813	1182	1186	ELMI001909	CLV	CLV_C14_Caspase3-7
Q13813	1475	1479	ELMI001910	CLV	CLV_C14_Caspase3-7
Q13873	937	943	ELMI003070	DOC	DOC_MAPK_JIP1_4
Q13905	284	289	ELMI001098	LIG	LIG_SH3_2
Q13936	52	59	ELMI003645	LIG	LIG_CaM_NSCaTE_8
Q13936	1666	1685	ELMI001868	LIG	LIG_CaM_IQ_9
Q13950	518	521	ELMI000744	LIG	LIG_WRPW_1
Q13950-2	448	454	ELMI003252	MOD	MOD_CDK_SPxK_1
Q14106	131	143	ELMI001612	LIG	LIG_PAM2_1
Q14106	251	263	ELMI001613	LIG	LIG_PAM2_1
Q14108	471	476	ELMI004305	TRG	TRG_DiLeu_LyEn_5
Q14114	860	867	ELMI001563	LIG	LIG_PTB_Apo_2
Q14118	778	783	ELMI002179	TRG	TRG_NLS_MonoExtN_4
Q14118	888	894	ELMI002281	LIG	LIG_SH3_3
Q14118	889	892	ELMI001104	LIG	LIG_WW_1
Q14118	892	895	ELMI002167	LIG	LIG_SH2_SRC
Q14151	246	254	ELMI002887	MOD	MOD_SUMO_rev_2
Q14151	387	393	ELMI002865	MOD	MOD_SUMO_rev_2
Q14207	1059	1070	ELMI000066	DOC	DOC_CYCLIN_RxL_1
Q14209	84	92	ELMI000076	DOC	DOC_CYCLIN_RxL_1
Q14209	420	428	ELMI001515	LIG	LIG_Rb_pABgroove_1
Q14247	421	425	ELMI003882	LIG	LIG_SH2_NCK_1
Q14289	881	884	ELMI000806	LIG	LIG_SH2_GRB2like
Q14318	23	30	ELMI004466	LIG	LIG_LIR_Gen_1
Q14318	52	56	ELMI002479	LIG	LIG_MYND_3
Q14332	538	548	ELMI003676	LIG	LIG_FZD_DVL_PDZ
Q14432	426	430	ELMI002990	LIG	LIG_14-3-3_CanoR_1
Q14457	96	103	ELMI004467	LIG	LIG_LIR_Gen_1
Q14457	108	124	ELMI003185	LIG	LIG_BH_BH3_1
Q14457	409	415	ELMI003832	MOD	MOD_CK1_1
Q14469	275	280	ELMI000655	LIG	LIG_WRPW_1
Q14493	94	103	ELMI003456	DOC	DOC_CYCLIN_RxL_1
Q14494	231	236	ELMI002821	DEG	DEG_Kelch_Keap1_1
Q14511	629	632	ELMI002127	LIG	LIG_SH2_SRC
Q14524	1902	1921	ELMI001875	LIG	LIG_CaM_IQ_9
Q14526	241	246	ELMI000216	LIG	LIG_CtBP_PxDLS_1
Q14526	332	335	ELMI001254	MOD	MOD_SUMO_for_1
Q14582	6	16	ELMI000274	LIG	LIG_Sin3_1
Q14596	730	740	ELMI004497	LIG	LIG_LIR_Gen_1
Q14643	49	53	ELMI001694	LIG	LIG_EVH1_2
Q14653	336	341	ELMI002000	DOC	DOC_WW_Pin1_4
Q14653	391	396	ELMI003340	LIG	LIG_IRF3_LxIS_1
Q14654	368	371	ELMI002067	TRG	TRG_ER_diArg_1
Q14674	1483	1487	ELMI002253	CLV	CLV_Separin_Metazoa
Q14674	1485	1490	ELMI003168	DOC	DOC_PP2A_B56_1
Q14674	1503	1507	ELMI002254	CLV	CLV_Separin_Metazoa
Q14674	1532	1536	ELMI002255	CLV	CLV_Separin_Metazoa
Q14680	439	442	ELMI003932	DOC	DOC_PP4_FxxP_1
Q14694	8	13	ELMI002910	LIG	LIG_G3BP_FGDF_1
Q14694	81	93	ELMI001615	LIG	LIG_PAM2_1
Q14699	1	7	ELMI002323	MOD	MOD_NMyristoyl
Q14790	384	391	ELMI003207	MOD	MOD_CDK_SPxxK_3
Q14814	441	447	ELMI002188	MOD	MOD_CDK_SPxK_1
Q14849	204	213	ELMI003523	TRG	TRG_ER_FFAT_2
Q14934	165	171	ELMI001439	MOD	MOD_ProDKin_1
Q14934	167	173	ELMI001440	MOD	MOD_ProDKin_1
Q14934	378	381	ELMI002690	DOC	DOC_PP2B_LxvP_1
Q14980	1742	1749	ELMI002054	DOC	DOC_ANK_TNKS_1
Q15004	62	71	ELMI003910	LIG	LIG_PCNA_PIPBox_1
Q15021	1337	1340	ELMI003933	DOC	DOC_PP4_FxxP_1
Q15042	583	591	ELMI003573	TRG	TRG_ER_FFAT_1
Q15051	321	336	ELMI003595	LIG	LIG_CaM_IQ_9
Q15051	391	407	ELMI003596	LIG	LIG_CaM_IQ_9
Q15054	236	245	ELMI003492	LIG	LIG_REV1ctd_RIR_1
Q15054	456	465	ELMI001231	LIG	LIG_PCNA_PIPBox_1
Q15078	1	7	ELMI002324	MOD	MOD_NMyristoyl
Q15078	5	12	ELMI003228	MOD	MOD_CDK_SPxxK_3
Q15154-5	1954	1963	ELMI004449	LIG	LIG_LIR_Gen_1
Q15185	156	160	ELMI002480	LIG	LIG_MYND_3
Q15256	333	345	ELMI003317	DOC	DOC_MAPK_HePTP_8
Q15293	328	331	ELMI000491	TRG	TRG_ER_KDEL_1
Q15303	1053	1056	ELMI002135	LIG	LIG_WW_1
Q15303	1056	1059	ELMI002194	LIG	LIG_SH2_STAT5
Q15303	1188	1191	ELMI003701	LIG	LIG_SH2_GRB2like
Q15303	1242	1245	ELMI003702	LIG	LIG_SH2_GRB2like
Q15326	451	457	ELMI000093	LIG	LIG_Dynein_DLC8_1
Q15363	187	201	ELMI000498	TRG	TRG_Golgi_diPhe_1
Q15398	326	331	ELMI003231	MOD	MOD_CDK_SPK_2
Q15398	636	641	ELMI003232	MOD	MOD_CDK_SPK_2
Q15418	712	726	ELMI002942	DOC	DOC_MAPK_RevD_3
Q15468	1105	1111	ELMI003383	MOD	MOD_Plk_4
Q15554	362	369	ELMI003212	MOD	MOD_CDK_SPxxK_3
Q15583	153	157	ELMI000218	LIG	LIG_CtBP_PxDLS_1
Q15583	379	386	ELMI000636	LIG	LIG_Sin3_3
Q15596	238	241	ELMI000870	MOD	MOD_SUMO_for_1
Q15596	640	646	ELMI000782	LIG	LIG_NRBOX
Q15596	689	695	ELMI000783	LIG	LIG_NRBOX
Q15596	730	733	ELMI000871	MOD	MOD_SUMO_for_1
Q15596	744	750	ELMI000784	LIG	LIG_NRBOX
Q15637	15	23	ELMI000945	LIG	LIG_ULM_U2AF65_1
Q15648	603	609	ELMI000785	LIG	LIG_NRBOX
Q15648	644	650	ELMI000786	LIG	LIG_NRBOX
Q15653	18	23	ELMI001304	DEG	DEG_SCF_TRCP1_1
Q15654	48	56	ELMI004512	LIG	LIG_TRAF6_MATH_1
Q15691	263	268	ELMI001059	LIG	LIG_CAP-Gly_1
Q15744	120	123	ELMI000859	MOD	MOD_SUMO_for_1
Q15750-1	402	411	ELMI003285	DOC	DOC_MAPK_MEF2A_6
Q15797	199	206	ELMI002175	MOD	MOD_GSK3_1
Q15797	207	214	ELMI002174	MOD	MOD_GSK3_1
Q15797	224	227	ELMI002134	LIG	LIG_WW_1
Q15842	380	383	ELMI002066	TRG	TRG_ER_diArg_1
Q15942	71	75	ELMI001690	LIG	LIG_EVH1_1
Q15942	73	77	ELMI002309	LIG	LIG_EVH1_1
Q15942	93	97	ELMI001691	LIG	LIG_EVH1_1
Q15942	104	108	ELMI001688	LIG	LIG_EVH1_1
Q15942	114	118	ELMI001689	LIG	LIG_EVH1_1
Q16204	423	426	ELMI003927	DOC	DOC_PP4_FxxP_1
Q16236	77	82	ELMI002820	DEG	DEG_Kelch_Keap1_1
Q16254	389	392	ELMI001525	LIG	LIG_HCF-1_HBM_1
Q16478	862	865	ELMI002076	TRG	TRG_ER_diArg_1
Q16512	932	937	ELMI001638	DOC	DOC_AGCK_PIF_2
Q16513	974	979	ELMI001639	DOC	DOC_AGCK_PIF_2
Q16513	982	984	ELMI003552	LIG	LIG_PDZ_Wminus1_1
Q16611	70	86	ELMI003199	LIG	LIG_BH_BH3_1
Q16629	214	218	ELMI003655	MOD	MOD_DYRK1A_RPxSP_1
Q16629	230	234	ELMI003656	MOD	MOD_DYRK1A_RPxSP_1
Q16633	46	54	ELMI001109	DEG	DEG_SIAH_1
Q16644	363	368	ELMI002161	TRG	TRG_NLS_MonoCore_2
Q16665	244	250	ELMI003820	MOD	MOD_CK1_1
Q16665	390	393	ELMI002264	MOD	MOD_SUMO_for_1
Q16665	400	413	ELMI001219	DEG	DEG_ODPH_VHL_1
Q16665	476	483	ELMI001243	LIG	LIG_KEPE_2
Q16665	476	479	ELMI002265	MOD	MOD_SUMO_for_1
Q16665	562	574	ELMI001220	DEG	DEG_ODPH_VHL_1
Q16665	638	644	ELMI002266	MOD	MOD_ProDKin_1
Q16665	665	671	ELMI003249	MOD	MOD_CDK_SPxK_1
Q16821	61	67	ELMI001083	DOC	DOC_PP1_RVXF_1
Q16828	64	73	ELMI001396	DOC	DOC_MAPK_gen_1
Q16881-4	46	52	ELMI002588	LIG	LIG_NRBOX
Q29983	339	344	ELMI004250	TRG	TRG_DiLeu_BaEn_1
Q2KHR2	91	98	ELMI002953	LIG	LIG_ANK_PxLPxL_1
Q2M2Z5	376	382	ELMI003362	MOD	MOD_Plk_1
Q2TAL5	184	190	ELMI003085	DOC	DOC_MAPK_JIP1_4
Q2V2M9	507	515	ELMI003100	DOC	DOC_MAPK_NFAT4_5
Q3I768	322	326	ELMI001179	LIG	LIG_EH_1
Q3I768	405	409	ELMI001180	LIG	LIG_EH_1
Q3I768	459	463	ELMI001181	LIG	LIG_EH_1
Q3MII6	135	144	ELMI004488	LIG	LIG_LIR_Gen_1
Q495M9	456	461	ELMI001572	LIG	LIG_PDZ_Class_1
Q4G163	384	390	ELMI003180	DOC	DOC_PP2A_B56_1
Q4VCS5	239	242	ELMI002438	LIG	LIG_WW_1
Q53EL6	70	76	ELMI001307	DEG	DEG_SCF_TRCP1_1
Q53EZ4	422	427	ELMI003230	MOD	MOD_CDK_SPK_2
Q53GL0	150	168	ELMI004170	LIG	LIG_ActinCP_CPI_1
Q58A45	284	296	ELMI001609	LIG	LIG_PAM2_1
Q58F09	7	9	ELMI002069	TRG	TRG_ER_diArg_1
Q5BIV9	26	30	ELMI003463	MOD	MOD_PRMT_GGRGG_1
Q5BJF6-3	793	799	ELMI002592	MOD	MOD_CDK_SPxK_1
Q5C9Z4	338	344	ELMI002285	LIG	LIG_eIF4E_2
Q5FWF4	519	528	ELMI003912	LIG	LIG_PCNA_PIPBox_1
Q5FWF4	1072	1078	ELMI003889	LIG	LIG_PCNA_APIM_2
Q5JR12	69	75	ELMI003082	DOC	DOC_MAPK_JIP1_4
Q5JSH3	6	16	ELMI003575	TRG	TRG_ER_FFAT_1
Q5JSP0	73	80	ELMI002143	MOD	MOD_GSK3_1
Q5JSP0	75	80	ELMI002124	DEG	DEG_SCF_TRCP1_1
Q5JSP0	77	84	ELMI002186	MOD	MOD_GSK3_1
Q5JTC6	286	291	ELMI002827	DEG	DEG_Kelch_Keap1_1
Q5JU85	351	367	ELMI003592	LIG	LIG_CaM_IQ_9
Q5SQS7	32	39	ELMI002746	DOC	DOC_PP1_MyPhoNE_1
Q5SW96	256	266	ELMI001208	TRG	TRG_AP2beta_CARGO_1
Q5SYB0	767	776	ELMI003555	TRG	TRG_ER_FFAT_1
Q5T4F4	285	293	ELMI003571	TRG	TRG_ER_FFAT_1
Q5T8A7	478	493	ELMI003150	LIG	LIG_Rb_LxCxE_1
Q5TBB1	294	303	ELMI003911	LIG	LIG_PCNA_PIPBox_1
Q5VST9	4876	4892	ELMI003590	LIG	LIG_CaM_IQ_9
Q5VTD9-2	1	9	ELMI004053	LIG	LIG_LSD1_SNAG_1
Q5VV67	1295	1298	ELMI001537	LIG	LIG_HCF-1_HBM_1
Q5VZK9	982	999	ELMI004162	LIG	LIG_ActinCP_CPI_1
Q63HK5	323	330	ELMI003292	DOC	DOC_MAPK_MEF2A_6
Q63HK5	323	331	ELMI003101	DOC	DOC_MAPK_NFAT4_5
Q63HQ0	208	216	ELMI002938	LIG	LIG_KLC1_WD_1
Q63HQ0	258	267	ELMI002937	LIG	LIG_KLC1_WD_1
Q63ZY3	245	253	ELMI003102	DOC	DOC_MAPK_NFAT4_5
Q641Q2	1024	1041	ELMI004167	LIG	LIG_ActinCP_CPI_1
Q68DA7	673	681	ELMI003103	DOC	DOC_MAPK_NFAT4_5
Q69YH5	590	595	ELMI003182	DOC	DOC_PP2A_B56_1
Q6AW86	59	62	ELMI002972	LIG	LIG_CSL_BTD_1
Q6F5E8	1016	1037	ELMI004165	LIG	LIG_ActinCP_CPI_1
Q6ICB4	223	235	ELMI002062	LIG	LIG_OCRL_FandH_1
Q6IE81-3	18	24	ELMI003813	MOD	MOD_CK1_1
Q6ISU1	211	216	ELMI004401	LIG	LIG_SH3_CIN85_PxpxPR_1
Q6JBY9	153	172	ELMI004158	LIG	LIG_ActinCP_CPI_1
Q6NS38	1	7	ELMI003890	LIG	LIG_PCNA_APIM_2
Q6NZI2	158	163	ELMI002863	MOD	MOD_SUMO_rev_2
Q6P1M3	642	650	ELMI004047	LIG	LIG_DLG_GKlike_1
Q6P597	463	468	ELMI003038	LIG	LIG_14-3-3_CanoR_1
Q6P9B6	1	7	ELMI002326	MOD	MOD_NMyristoyl
Q6PEW1	262	269	ELMI002784	LIG	LIG_SUMO_SIM_par_1
Q6PEW1	275	282	ELMI002815	LIG	LIG_SUMO_SIM_anti_2
Q6PEW1	276	282	ELMI002785	LIG	LIG_SUMO_SIM_par_1
Q6PGN9	276	289	ELMI001293	LIG	LIG_SxIP_EBH_1
Q6PGQ7	322	328	ELMI003261	MOD	MOD_CDK_SPxK_1
Q6PGQ7	496	501	ELMI001313	DEG	DEG_SCF_TRCP1_1
Q6PJF5	19	31	ELMI003312	DOC	DOC_MAPK_HePTP_8
Q6PJG2	603	611	ELMI003307	DOC	DOC_MAPK_DCC_7
Q6PJW8	620	625	ELMI002637	DOC	DOC_PP1_SILK_1
Q6T4R5-1	1626	1631	ELMI003172	DOC	DOC_PP2A_B56_1
Q6TGC4	7	12	ELMI003039	LIG	LIG_14-3-3_CanoR_1
Q6ULP2	25	31	ELMI000485	LIG	LIG_AP_GAE_1
Q6ULP2	429	435	ELMI000486	LIG	LIG_AP_GAE_1
Q6UWE0	648	653	ELMI001342	LIG	LIG_PTAP_UEV_1
Q6UWE0	660	665	ELMI001343	LIG	LIG_PTAP_UEV_1
Q6UWZ7	405	409	ELMI001258	LIG	LIG_BRCT_BRCA1_1
Q6UXM1	1038	1043	ELMI004107	LIG	LIG_WRC_WIRS_1
Q6V0I7	4571	4578	ELMI002047	DOC	DOC_ANK_TNKS_1
Q6V0I7	4826	4833	ELMI002048	DOC	DOC_ANK_TNKS_1
Q6VAB6	333	341	ELMI003293	DOC	DOC_MAPK_MEF2A_6
Q6VAB6	393	396	ELMI002693	DOC	DOC_PP2B_LxvP_1
Q6VMQ6	965	970	ELMI002786	LIG	LIG_SUMO_SIM_par_1
Q6VVB1	393	395	ELMI003542	LIG	LIG_PDZ_Wminus1_1
Q6ZNE5	434	443	ELMI004468	LIG	LIG_LIR_Gen_1
Q6ZP29	284	289	ELMI004314	TRG	TRG_DiLeu_LyEn_5
Q6ZR08	13	21	ELMI003104	DOC	DOC_MAPK_NFAT4_5
Q702N8	22	26	ELMI002581	LIG	LIG_EVH1_1
Q709C8	876	883	ELMI003572	TRG	TRG_ER_FFAT_1
Q71RC2	13	25	ELMI001618	LIG	LIG_PAM2_1
Q71U36	443	451	ELMI001057	LIG	LIG_CAP-Gly_1
Q7KZF4	812	816	ELMI001937	CLV	CLV_C14_Caspase3-7
Q7L9B9	1	7	ELMI002327	MOD	MOD_NMyristoyl
Q7LBR1	187	196	ELMI004433	DOC	DOC_MIT_MIM_1
Q7RTS9	1	7	ELMI002328	MOD	MOD_NMyristoyl
Q7Z2Z1	911	920	ELMI003458	DOC	DOC_CYCLIN_RxL_1
Q7Z333	1012	1025	ELMI002787	LIG	LIG_SUMO_SIM_par_1
Q7Z333	1579	1582	ELMI003940	DOC	DOC_PP4_FxxP_1
Q7Z3B3	590	596	ELMI002751	LIG	LIG_WD40_WDR5_WIN_1
Q7Z434	151	159	ELMI004510	LIG	LIG_TRAF6_MATH_1
Q7Z434	436	442	ELMI003338	LIG	LIG_IRF3_LxIS_1
Q7Z434	453	461	ELMI004500	LIG	LIG_TRAF6_MATH_1
Q7Z460	1265	1267	ELMI003501	LIG	LIG_IBAR_NPY_1
Q7Z465	141	150	ELMI002935	LIG	LIG_KLC1_WD_1
Q7Z5K2	596	599	ELMI003938	DOC	DOC_PP4_FxxP_1
Q7Z6J0	600	608	ELMI001111	DEG	DEG_SIAH_1
Q7Z6K1	321	324	ELMI001533	LIG	LIG_HCF-1_HBM_1
Q7Z6L1	173	179	ELMI004470	LIG	LIG_LIR_Gen_1
Q7Z6Z7	1972	1988	ELMI003193	LIG	LIG_BH_BH3_1
Q86TG7	253	261	ELMI001108	DEG	DEG_SIAH_1
Q86TI0	233	239	ELMI003014	LIG	LIG_14-3-3_CanoR_1
Q86TI0	593	598	ELMI003029	LIG	LIG_14-3-3_CanoR_1
Q86UR1	169	175	ELMI001501	MOD	MOD_PKA_1
Q86UR1	458	464	ELMI001416	MOD	MOD_PKA_2
Q86VP3	434	439	ELMI003026	LIG	LIG_14-3-3_CanoR_1
Q86VZ6	79	88	ELMI003294	DOC	DOC_MAPK_MEF2A_6
Q86WG3	116	125	ELMI002930	LIG	LIG_KLC1_WD_1
Q86WV6	361	366	ELMI003337	LIG	LIG_IRF3_LxIS_1
Q86XR7	1	7	ELMI002329	MOD	MOD_NMyristoyl
Q86XX4	4003	4008	ELMI001577	LIG	LIG_PDZ_Class_1
Q86YC2	89	94	ELMI002828	DEG	DEG_Kelch_Keap1_1
Q86YW5	279	284	ELMI002589	LIG	LIG_TYR_ITIM
Q86Z02	24	32	ELMI001252	LIG	LIG_KEPE_2
Q8IU57-1	478	486	ELMI004503	LIG	LIG_TRAF6_MATH_1
Q8IUC6	203	210	ELMI003339	LIG	LIG_IRF3_LxIS_1
Q8IUC6	248	256	ELMI004505	LIG	LIG_TRAF6_MATH_1
Q8IWB6	792	802	ELMI002465	LIG	LIG_EABR_CEP55_1
Q8IWE5	205	214	ELMI002924	LIG	LIG_KLC1_WD_1
Q8IWE5	234	241	ELMI002925	LIG	LIG_KLC1_WD_1
Q8IWI9	2948	2952	ELMI002473	LIG	LIG_MYND_1
Q8IWI9	2973	2977	ELMI002474	LIG	LIG_MYND_1
Q8IWX8	566	574	ELMI002654	LIG	LIG_EF_ALG2_ABM_1
Q8IWX8	614	619	ELMI002662	LIG	LIG_EF_ALG2_ABM_2
Q8IX07	794	798	ELMI000253	LIG	LIG_CtBP_PxDLS_1
Q8IYD1	50	62	ELMI001605	LIG	LIG_PAM2_1
Q8IYD1	59	71	ELMI001606	LIG	LIG_PAM2_1
Q8IYT8	351	360	ELMI004486	LIG	LIG_LIR_Gen_1
Q8IZL8	412	418	ELMI001412	MOD	MOD_PKA_2
Q8IZL8	474	479	ELMI003244	MOD	MOD_CDK_SPK_2
Q8IZP0	417	421	ELMI000206	LIG	LIG_SH3_5
Q8IZQ1	3344	3351	ELMI004471	LIG	LIG_LIR_Gen_1
Q8IZX4	155	158	ELMI003943	DOC	DOC_PP4_MxPP_1
Q8N0W4	795	800	ELMI004104	LIG	LIG_WRC_WIRS_1
Q8N103	436	442	ELMI003083	DOC	DOC_MAPK_JIP1_4
Q8N114	190	200	ELMI002657	LIG	LIG_EF_ALG2_ABM_1
Q8N137	771	774	ELMI003930	DOC	DOC_PP4_FxxP_1
Q8N2Q7	837	842	ELMI004103	LIG	LIG_WRC_WIRS_1
Q8N2W9	464	469	ELMI002788	LIG	LIG_SUMO_SIM_par_1
Q8N2Y8	688	694	ELMI003086	DOC	DOC_MAPK_JIP1_4
Q8N3Z6	73	81	ELMI002789	LIG	LIG_SUMO_SIM_par_1
Q8N3Z6	151	156	ELMI002812	LIG	LIG_SUMO_SIM_anti_2
Q8N3Z6	153	166	ELMI002790	LIG	LIG_SUMO_SIM_par_1
Q8N4B1	223	235	ELMI002061	LIG	LIG_OCRL_FandH_1
Q8N697	10	15	ELMI004306	TRG	TRG_DiLeu_LyEn_5
Q8N8Z6	578	582	ELMI003719	LIG	LIG_SH2_CRK
Q8N8Z6	589	593	ELMI003720	LIG	LIG_SH2_CRK
Q8N8Z6	621	625	ELMI003721	LIG	LIG_SH2_CRK
Q8N8Z6	652	656	ELMI003722	LIG	LIG_SH2_CRK
Q8N8Z6	665	669	ELMI003723	LIG	LIG_SH2_CRK
Q8N8Z6	696	700	ELMI003724	LIG	LIG_SH2_CRK
Q8NCN4	365	369	ELMI003663	MOD	MOD_DYRK1A_RPxSP_1
Q8NCN4	400	404	ELMI003664	MOD	MOD_DYRK1A_RPxSP_1
Q8ND23	971	988	ELMI004161	LIG	LIG_ActinCP_CPI_1
Q8ND76	1	7	ELMI002330	MOD	MOD_NMyristoyl
Q8ND82	2	7	ELMI002891	MOD	MOD_SUMO_rev_2
Q8NDI1	267	271	ELMI001168	LIG	LIG_EH_1
Q8NDI1	278	282	ELMI001169	LIG	LIG_EH_1
Q8NDI1	308	312	ELMI001170	LIG	LIG_EH_1
Q8NDI1	320	324	ELMI001171	LIG	LIG_EH_1
Q8NDI1	369	373	ELMI001172	LIG	LIG_EH_1
Q8NDV7	1608	1621	ELMI002504	LIG	LIG_PAM2_2
Q8NEZ4	1201	1208	ELMI003295	DOC	DOC_MAPK_MEF2A_6
Q8NEZ4	4708	4714	ELMI002647	LIG	LIG_WD40_WDR5_WIN_1
Q8NG31	24	29	ELMI002635	DOC	DOC_PP1_SILK_1
Q8NGB0	1462	1464	ELMI003543	LIG	LIG_PDZ_Wminus1_1
Q8NHS3	9	14	ELMI004316	TRG	TRG_DiLeu_LyEn_5
Q8NHV4	393	399	ELMI003364	MOD	MOD_Plk_1
Q8NHV4	423	429	ELMI003365	MOD	MOD_Plk_1
Q8NHY3	878	880	ELMI003544	LIG	LIG_PDZ_Wminus1_1
Q8NI77	896	898	ELMI002482	DEG	DEG_APCC_TPR_1
Q8TAB3	1015	1020	ELMI004113	LIG	LIG_WRC_WIRS_1
Q8TB24	383	388	ELMI004424	LIG	LIG_SH3_CIN85_PxpxPR_1
Q8TB24	457	462	ELMI004425	LIG	LIG_SH3_CIN85_PxpxPR_1
Q8TBB0	139	142	ELMI001534	LIG	LIG_HCF-1_HBM_1
Q8TBB1	178	185	ELMI001565	LIG	LIG_PTB_Apo_2
Q8TD43	839	845	ELMI003818	MOD	MOD_CK1_1
Q8TDW7	4263	4268	ELMI004115	LIG	LIG_WRC_WIRS_1
Q8TDW7	4339	4344	ELMI004116	LIG	LIG_WRC_WIRS_1
Q8TDY2	701	710	ELMI004473	LIG	LIG_LIR_Gen_1
Q8TDY2	727	738	ELMI003522	TRG	TRG_ER_FFAT_2
Q8TEQ6	992	998	ELMI002100	LIG	LIG_eIF4E_1
Q8TEU7	1596	1601	ELMI001588	LIG	LIG_PDZ_Class_1
Q8TF74	397	407	ELMI002696	LIG	LIG_WH1
Q8TF74	400	412	ELMI001706	LIG	LIG_EVH1_3
Q8WTV1	177	180	ELMI001530	LIG	LIG_HCF-1_HBM_1
Q8WUA2	214	219	ELMI002892	MOD	MOD_SUMO_rev_2
Q8WUM4	716	721	ELMI001344	LIG	LIG_PTAP_UEV_1
Q8WUM4	740	745	ELMI004407	LIG	LIG_SH3_CIN85_PxpxPR_1
Q8WUM4	797	807	ELMI002467	LIG	LIG_EABR_CEP55_1
Q8WUM4	802	810	ELMI002651	LIG	LIG_EF_ALG2_ABM_1
Q8WUY3	1136	1145	ELMI002936	LIG	LIG_KLC1_WD_1
Q8WV28	242	247	ELMI004408	LIG	LIG_SH3_CIN85_PxpxPR_1
Q8WV28	307	312	ELMI004409	LIG	LIG_SH3_CIN85_PxpxPR_1
Q8WW38	829	833	ELMI000081	LIG	LIG_CtBP_PxDLS_1
Q8WWK9	80	84	ELMI001017	DEG	DEG_APCC_KENBOX_2
Q8WWK9	620	627	ELMI003251	MOD	MOD_CDK_SPxxK_3
Q8WWN8	94	99	ELMI004410	LIG	LIG_SH3_CIN85_PxpxPR_1
Q8WWW8	366	374	ELMI003296	DOC	DOC_MAPK_MEF2A_6
Q8WXD9	374	379	ELMI002568	LIG	LIG_CaMK_CASK_1
Q8WXE1	238	242	ELMI001257	LIG	LIG_BRCT_BRCA1_1
Q8WXE1	769	776	ELMI001949	DOC	DOC_PIKK_1
Q8WXE9	312	316	ELMI001151	LIG	LIG_EH_1
Q8WXE9	328	332	ELMI001152	LIG	LIG_EH_1
Q8WXG6	810	816	ELMI003071	DOC	DOC_MAPK_JIP1_4
Q8WXH0	6417	6425	ELMI002933	LIG	LIG_KLC1_WD_1
Q8WY41	40	49	ELMI002755	LIG	LIG_CNOT1_NIM_1
Q8WYN3	51	56	ELMI002634	DOC	DOC_PP1_SILK_1
Q92558	326	332	ELMI003408	LIG	LIG_PROFILIN_1
Q92558	498	514	ELMI001663	LIG	LIG_Actin_WH2_1
Q92609	58	64	ELMI004493	LIG	LIG_LIR_Gen_1
Q92609	785	795	ELMI004492	LIG	LIG_LIR_Gen_1
Q92615	54	66	ELMI001619	LIG	LIG_PAM2_1
Q92620	39	42	ELMI003931	DOC	DOC_PP4_FxxP_1
Q92667	151	158	ELMI002437	DOC	DOC_PP1_RVXF_1
Q92698	690	697	ELMI002049	DOC	DOC_ANK_TNKS_1
Q92731	5	12	ELMI002613	MOD	MOD_GSK3_1
Q92738	725	729	ELMI000207	LIG	LIG_SH3_5
Q92754	9	12	ELMI000850	MOD	MOD_SUMO_for_1
Q92769	412	429	ELMI003142	LIG	LIG_Rb_LxCxE_1
Q92793	69	75	ELMI000789	LIG	LIG_NRBOX
Q92835	909	915	ELMI001545	LIG	LIG_PTB_Phospho_1
Q92835	1016	1022	ELMI001624	LIG	LIG_PTB_Phospho_1
Q92835	1029	1034	ELMI004412	LIG	LIG_SH3_CIN85_PxpxPR_1
Q92835	1135	1140	ELMI004413	LIG	LIG_SH3_CIN85_PxpxPR_1
Q92858	334	340	ELMI003826	MOD	MOD_CK1_1
Q92859	1359	1364	ELMI004119	LIG	LIG_WRC_WIRS_1
Q92911	578	584	ELMI004283	TRG	TRG_DiLeu_BaEn_4
Q92934	106	122	ELMI003198	LIG	LIG_BH_BH3_1
Q92945	74	84	ELMI002513	LIG	LIG_NBox_RRM_1
Q92945	178	183	ELMI002009	DOC	DOC_WW_Pin1_4
Q92956	268	271	ELMI000057	LIG	LIG_TRAF2_1
Q92974	967	972	ELMI003167	DOC	DOC_PP2A_B56_1
Q93073-1	874	878	ELMI003904	LIG	LIG_SH2_STAP1
Q969H0	10	15	ELMI002452	TRG	TRG_NLS_MonoCore_2
Q969H0	202	207	ELMI002451	DOC	DOC_WW_Pin1_4
Q969M7	1	4	ELMI002900	LIG	LIG_DCNL_PONY_1
Q969M7	1	9	ELMI002899	LIG	LIG_UBA3_1
Q969R2	447	458	ELMI003563	TRG	TRG_ER_FFAT_1
Q969U6	148	154	ELMI003387	MOD	MOD_Plk_4
Q96AE4	31	41	ELMI002512	LIG	LIG_NBox_RRM_1
Q96B23	327	335	ELMI002814	LIG	LIG_SUMO_SIM_anti_2
Q96B97	476	494	ELMI004159	LIG	LIG_ActinCP_CPI_1
Q96BK5	289	293	ELMI001228	LIG	LIG_TRFH_1
Q96BK5	314	320	ELMI003367	MOD	MOD_Plk_1
Q96BR1	482	487	ELMI001631	DOC	DOC_AGCK_PIF_1
Q96CC6	12	24	ELMI003311	DOC	DOC_MAPK_HePTP_8
Q96CG3	174	182	ELMI004501	LIG	LIG_TRAF6_MATH_1
Q96CV9	175	184	ELMI004496	LIG	LIG_LIR_Gen_1
Q96DL1-3	363	365	ELMI003547	LIG	LIG_PDZ_Wminus1_1
Q96EQ8	1	7	ELMI002331	MOD	MOD_NMyristoyl
Q96EY5	155	160	ELMI004414	LIG	LIG_SH3_CIN85_PxpxPR_1
Q96FF9	87	91	ELMI001015	DEG	DEG_APCC_KENBOX_2
Q96FW1	13	19	ELMI003840	MOD	MOD_CK2_1
Q96GD4	3	7	ELMI001016	DEG	DEG_APCC_KENBOX_2
Q96HS1-1	77	82	ELMI002824	DEG	DEG_Kelch_Keap1_1
Q96HZ4	221	224	ELMI000703	LIG	LIG_WRPW_1
Q96I34	30	37	ELMI002743	DOC	DOC_PP1_MyPhoNE_1
Q96IZ0	68	73	ELMI002205	LIG	LIG_SPRY_1
Q96IZ0	228	234	ELMI003854	MOD	MOD_CK2_1
Q96J02	260	265	ELMI004415	LIG	LIG_SH3_CIN85_PxpxPR_1
Q96J92	557	566	ELMI002837	DEG	DEG_Kelch_KLHL3_1
Q96J92	1016	1020	ELMI001491	DOC	DOC_SPAK_OSR1_1
Q96JM2	15	21	ELMI002893	MOD	MOD_SUMO_rev_2
Q96JN0	64	68	ELMI000219	LIG	LIG_CtBP_PxDLS_1
Q96KN9	368	370	ELMI003545	LIG	LIG_PDZ_Wminus1_1
Q96KQ4	378	384	ELMI002412	MOD	MOD_LATS_1
Q96L42	706	711	ELMI003176	DOC	DOC_PP2A_B56_1
Q96N67	885	891	ELMI003072	DOC	DOC_MAPK_JIP1_4
Q96PN7	655	663	ELMI003308	DOC	DOC_MAPK_DCC_7
Q96PU5	339	344	ELMI003042	LIG	LIG_14-3-3_CanoR_1
Q96PU5	443	448	ELMI003012	LIG	LIG_14-3-3_CanoR_1
Q96PX1	1	7	ELMI002332	MOD	MOD_NMyristoyl
Q96PY5	1	7	ELMI002333	MOD	MOD_NMyristoyl
Q96Q89-3	1601	1606	ELMI002307	DOC	DOC_WW_Pin1_4
Q96QC0	395	402	ELMI001076	DOC	DOC_PP1_RVXF_1
Q96QT6	462	469	ELMI002883	MOD	MOD_SUMO_rev_2
Q96RI0	182	185	ELMI002073	TRG	TRG_ER_diArg_1
Q96RL7	839	849	ELMI003580	TRG	TRG_ER_FFAT_1
Q96RU3	514	521	ELMI002056	DOC	DOC_ANK_TNKS_1
Q96RU8	354	361	ELMI003183	DEG	DEG_COP1_1
Q96S59	319	327	ELMI004508	LIG	LIG_TRAF6_MATH_1
Q96SU4	293	300	ELMI003566	TRG	TRG_ER_FFAT_1
Q96T49	30	37	ELMI002744	DOC	DOC_PP1_MyPhoNE_1
Q96T88	646	650	ELMI003684	DOC	DOC_USP7_UBL2_3
Q96T92	1	9	ELMI004060	LIG	LIG_LSD1_SNAG_1
Q99062	727	730	ELMI000227	LIG	LIG_SH2_STAT3
Q99250	1909	1925	ELMI003603	LIG	LIG_CaM_IQ_9
Q99442	362	371	ELMI004469	LIG	LIG_LIR_Gen_1
Q99466	1481	1484	ELMI002960	LIG	LIG_CSL_BTD_1
Q99523	826	831	ELMI000510	TRG	TRG_LysEnd_GGAAcLL_1
Q99569	1190	1192	ELMI003531	LIG	LIG_PDZ_Wminus1_1
Q99570	1	7	ELMI002334	MOD	MOD_NMyristoyl
Q99572	575	578	ELMI002085	TRG	TRG_ER_diArg_1
Q99583	3	13	ELMI000273	LIG	LIG_Sin3_1
Q99640	423	429	ELMI003368	MOD	MOD_Plk_1
Q99640	432	438	ELMI003369	MOD	MOD_Plk_1
Q99640	492	498	ELMI003370	MOD	MOD_Plk_1
Q99661	93	104	ELMI001290	LIG	LIG_SxIP_EBH_1
Q99683	963	968	ELMI003004	LIG	LIG_14-3-3_CanoR_1
Q99700	912	924	ELMI001607	LIG	LIG_PAM2_1
Q99704	362	366	ELMI003884	LIG	LIG_SH2_NCK_1
Q99708	326	330	ELMI000942	LIG	LIG_BRCT_BRCA1_1
Q99708	490	494	ELMI000078	LIG	LIG_CtBP_PxDLS_1
Q99720	7	9	ELMI002080	TRG	TRG_ER_diArg_1
Q99741	71	77	ELMI003262	MOD	MOD_CDK_SPxK_1
Q99741	80	84	ELMI001009	DEG	DEG_APCC_KENBOX_2
Q99741	91	99	ELMI000064	DOC	DOC_CYCLIN_RxL_1
Q99741	439	443	ELMI002110	CLV	CLV_C14_Caspase3-7
Q99767	280	286	ELMI003073	DOC	DOC_MAPK_JIP1_4
Q99801	86	92	ELMI003849	MOD	MOD_CK2_1
Q99814	383	389	ELMI003830	MOD	MOD_CK1_1
Q99814	403	416	ELMI001224	DEG	DEG_ODPH_VHL_1
Q99814	529	542	ELMI001225	DEG	DEG_ODPH_VHL_1
Q99814	574	585	ELMI001226	DEG	DEG_ODPH_VHL_1
Q99816	154	164	ELMI002469	LIG	LIG_EABR_CEP55_1
Q99816	189	197	ELMI002652	LIG	LIG_EF_ALG2_ABM_1
Q99816	319	324	ELMI001330	LIG	LIG_PTAP_UEV_1
Q9BPZ3	109	121	ELMI001602	LIG	LIG_PAM2_1
Q9BQB4	114	126	ELMI003322	LIG	LIG_LRP6_Inhibitor_1
Q9BQS8	1277	1288	ELMI004477	LIG	LIG_LIR_Gen_1
Q9BR01	5	10	ELMI002004	DOC	DOC_WW_Pin1_4
Q9BR01	8	13	ELMI002005	DOC	DOC_WW_Pin1_4
Q9BRQ8	1	7	ELMI002335	MOD	MOD_NMyristoyl
Q9BSI4	258	262	ELMI001227	LIG	LIG_TRFH_1
Q9BSJ8	321	328	ELMI003225	MOD	MOD_CDK_SPxxK_3
Q9BT49	229	232	ELMI001535	LIG	LIG_HCF-1_HBM_1
Q9BTU6	57	62	ELMI004315	TRG	TRG_DiLeu_LyEn_5
Q9BUB5	434	448	ELMI002943	DOC	DOC_MAPK_RevD_3
Q9BVK6	221	235	ELMI000497	TRG	TRG_Golgi_diPhe_1
Q9BVK6	232	235	ELMI000496	TRG	TRG_ER_diLys_1
Q9BVW5	202	217	ELMI002847	LIG	LIG_RPA_C_Vert
Q9BWF2	460	469	ELMI003913	LIG	LIG_PCNA_PIPBox_1
Q9BWU0	74	77	ELMI003936	DOC	DOC_PP4_FxxP_1
Q9BWW7	1	10	ELMI004056	LIG	LIG_LSD1_SNAG_1
Q9BX63	989	993	ELMI000941	LIG	LIG_BRCT_BRCA1_1
Q9BX63	989	995	ELMI000944	LIG	LIG_BRCT_BRCA1_2
Q9BXW6	474	482	ELMI003581	TRG	TRG_ER_FFAT_1
Q9BY12	196	207	ELMI003454	DOC	DOC_CYCLIN_RxL_1
Q9BY41	36	42	ELMI001496	MOD	MOD_PKA_1
Q9BY44	446	452	ELMI002283	LIG	LIG_eIF4E_2
Q9BYE0	221	225	ELMI000707	LIG	LIG_WRPW_1
Q9BYG3	227	234	ELMI002177	MOD	MOD_GSK3_1
Q9BYG3	231	238	ELMI002178	MOD	MOD_GSK3_1
Q9BYP7	537	546	ELMI002836	DEG	DEG_Kelch_KLHL3_1
Q9BZ71	31	41	ELMI003556	TRG	TRG_ER_FFAT_1
Q9BZ72	343	351	ELMI003558	TRG	TRG_ER_FFAT_1
Q9BZF2	399	408	ELMI003565	TRG	TRG_ER_FFAT_1
Q9BZF3	493	500	ELMI003564	TRG	TRG_ER_FFAT_1
Q9BZL4	22	29	ELMI002748	DOC	DOC_PP1_MyPhoNE_1
Q9BZL6	244	250	ELMI003823	MOD	MOD_CK1_1
Q9BZW8	267	274	ELMI000243	LIG	LIG_TYR_ITSM
Q9BZW8	313	320	ELMI000244	LIG	LIG_TYR_ITSM
Q9BZW8	338	345	ELMI000245	LIG	LIG_TYR_ITSM
Q9C0C2	1507	1514	ELMI002060	DOC	DOC_ANK_TNKS_1
Q9C0C7-3	1017	1028	ELMI004479	LIG	LIG_LIR_Gen_1
Q9C0E8	1	7	ELMI002336	MOD	MOD_NMyristoyl
Q9C0H9	1032	1046	ELMI001291	LIG	LIG_SxIP_EBH_1
Q9C0H9-5	261	265	ELMI003158	LIG	LIG_CSK_EPIYA_1
Q9C0I3	574	582	ELMI003105	DOC	DOC_MAPK_NFAT4_5
Q9GZP0	367	370	ELMI004000	LIG	LIG_NRP_CendR_1
Q9GZU1	554	560	ELMI001508	MOD	MOD_PKA_1
Q9GZV5	61	67	ELMI002408	MOD	MOD_LATS_1
Q9GZV5	84	90	ELMI002409	MOD	MOD_LATS_1
Q9GZV5	86	91	ELMI002991	LIG	LIG_14-3-3_CanoR_1
Q9GZV5	112	118	ELMI002410	MOD	MOD_LATS_1
Q9GZV5	282	289	ELMI003219	MOD	MOD_CDK_SPxxK_3
Q9GZV5	306	312	ELMI002411	MOD	MOD_LATS_1
Q9GZV5	398	400	ELMI003553	LIG	LIG_PDZ_Wminus1_1
Q9GZX7	24	30	ELMI001493	MOD	MOD_PKA_1
Q9GZX7	35	41	ELMI001494	MOD	MOD_PKA_1
Q9GZY6	136	140	ELMI003703	LIG	LIG_SH2_STAP1
Q9GZZ9	339	348	ELMI003054	LIG	LIG_UFM1_UFIM_1
Q9H040	325	334	ELMI003909	LIG	LIG_PCNA_PIPBox_1
Q9H040	418	428	ELMI003493	LIG	LIG_REV1ctd_RIR_1
Q9H074	126	138	ELMI001604	LIG	LIG_PAM2_1
Q9H095	397	413	ELMI003606	LIG	LIG_CaM_IQ_9
Q9H0B6	579	584	ELMI003037	LIG	LIG_14-3-3_CanoR_1
Q9H0H5	143	148	ELMI003173	DOC	DOC_PP2A_B56_1
Q9H0H5	154	160	ELMI003372	MOD	MOD_Plk_1
Q9H0H5	167	173	ELMI003371	MOD	MOD_Plk_1
Q9H0W5	500	509	ELMI002954	LIG	LIG_ANK_PxLPxL_1
Q9H0W7	123	126	ELMI001532	LIG	LIG_HCF-1_HBM_1
Q9H175	52	57	ELMI002633	DOC	DOC_PP1_SILK_1
Q9H1K0	625	629	ELMI001173	LIG	LIG_EH_1
Q9H1K0	661	665	ELMI001174	LIG	LIG_EH_1
Q9H1K0	676	680	ELMI001175	LIG	LIG_EH_1
Q9H1K0	687	691	ELMI001176	LIG	LIG_EH_1
Q9H1K0	708	712	ELMI001177	LIG	LIG_EH_1
Q9H1K0	717	721	ELMI001178	LIG	LIG_EH_1
Q9H1P3	5	12	ELMI003561	TRG	TRG_ER_FFAT_1
Q9H211	4	15	ELMI001942	DEG	DEG_CRL4_CDT2_1
Q9H251	3349	3354	ELMI001592	LIG	LIG_PDZ_Class_1
Q9H2S9	425	429	ELMI000256	LIG	LIG_CtBP_PxDLS_1
Q9H2X6	31	40	ELMI001239	LIG	LIG_KEPE_3
Q9H2X6	884	889	ELMI002804	LIG	LIG_SUMO_SIM_anti_2
Q9H3D4	55	62	ELMI002839	DEG	DEG_MDM2_SWIB_1
Q9H4A3	628	637	ELMI002834	DEG	DEG_Kelch_KLHL3_1
Q9H4A3	1257	1261	ELMI001487	DOC	DOC_SPAK_OSR1_1
Q9H4A3	1859	1863	ELMI001489	DOC	DOC_SPAK_OSR1_1
Q9H4A3	1945	1949	ELMI001488	DOC	DOC_SPAK_OSR1_1
Q9H4A3	1957	1961	ELMI001490	DOC	DOC_SPAK_OSR1_1
Q9H4L5	447	456	ELMI003562	TRG	TRG_ER_FFAT_1
Q9H4L7	73	79	ELMI002884	MOD	MOD_SUMO_rev_2
Q9H5L6	123	126	ELMI001536	LIG	LIG_HCF-1_HBM_1
Q9H6L5-1	454	463	ELMI004448	LIG	LIG_LIR_Gen_1
Q9H6Q3	1	7	ELMI002337	MOD	MOD_NMyristoyl
Q9H788	32	39	ELMI002745	DOC	DOC_PP1_MyPhoNE_1
Q9H7D0	1763	1769	ELMI003074	DOC	DOC_MAPK_JIP1_4
Q9H816	504	508	ELMI001229	LIG	LIG_TRFH_1
Q9H9H4	184	189	ELMI001329	LIG	LIG_PTAP_UEV_1
Q9H9L4	410	413	ELMI002749	LIG	LIG_WD40_WDR5_VDV_1
Q9HAW4	22	26	ELMI001934	CLV	CLV_C14_Caspase3-7
Q9HAW4	29	34	ELMI001308	DEG	DEG_SCF_TRCP1_1
Q9HB71	59	67	ELMI001105	DEG	DEG_SIAH_1
Q9HBG7	599	606	ELMI000241	LIG	LIG_TYR_ITSM
Q9HBG7	622	629	ELMI000242	LIG	LIG_TYR_ITSM
Q9HC77	592	598	ELMI003381	MOD	MOD_Plk_4
Q9HC98	212	217	ELMI002027	DOC	DOC_WW_Pin1_4
Q9HC98	242	247	ELMI002028	DOC	DOC_WW_Pin1_4
Q9HCH5	270	275	ELMI002636	DOC	DOC_PP1_SILK_1
Q9HCJ0	1385	1398	ELMI002503	LIG	LIG_PAM2_2
Q9HCK8	608	616	ELMI001249	LIG	LIG_KEPE_2
Q9HCL0	983	988	ELMI004112	LIG	LIG_WRC_WIRS_1
Q9HCN6	297	301	ELMI004517	LIG	LIG_TRAF4_MATH_1
Q9HCU9	27	33	ELMI003856	MOD	MOD_CK2_1
Q9HD42	185	195	ELMI004432	DOC	DOC_MIT_MIM_1
Q9HD67	766	785	ELMI001883	LIG	LIG_CaM_IQ_9
Q9HD67	789	808	ELMI001884	LIG	LIG_CaM_IQ_9
Q9NP31	280	284	ELMI003881	LIG	LIG_SH2_NCK_1
Q9NP87	369	375	ELMI003248	MOD	MOD_CDK_SPxK_1
Q9NPC2	371	374	ELMI002982	LIG	LIG_14-3-3_CterR_2
Q9NPG1	497	507	ELMI003678	LIG	LIG_FZD_DVL_PDZ
Q9NPG4	1087	1092	ELMI004110	LIG	LIG_WRC_WIRS_1
Q9NQ03	1	10	ELMI004061	LIG	LIG_LSD1_SNAG_1
Q9NQ25	280	287	ELMI000239	LIG	LIG_TYR_ITSM
Q9NQ25	300	307	ELMI000240	LIG	LIG_TYR_ITSM
Q9NQR1	220	231	ELMI001945	DEG	DEG_CRL4_CDT2_1
Q9NR22	1	7	ELMI002338	MOD	MOD_NMyristoyl
Q9NRA2	18	23	ELMI004297	TRG	TRG_DiLeu_BaLyEn_6
Q9NRF8	571	577	ELMI003819	MOD	MOD_CK1_1
Q9NRI5	222	229	ELMI002045	DOC	DOC_ANK_TNKS_1
Q9NRX5	1	7	ELMI002339	MOD	MOD_NMyristoyl
Q9NRY6	17	25	ELMI002653	LIG	LIG_EF_ALG2_ABM_1
Q9NRY6	45	49	ELMI002661	LIG	LIG_EF_ALG2_ABM_2
Q9NS37	303	306	ELMI001523	LIG	LIG_HCF-1_HBM_1
Q9NS56	716	722	ELMI003375	MOD	MOD_Plk_1
Q9NSC2	1085	1088	ELMI000878	MOD	MOD_SUMO_for_1
Q9NTI7	295	297	ELMI003541	LIG	LIG_PDZ_Wminus1_1
Q9NVV9	134	137	ELMI001531	LIG	LIG_HCF-1_HBM_1
Q9NWV8	27	34	ELMI002051	DOC	DOC_ANK_TNKS_1
Q9NWV8	47	54	ELMI002052	DOC	DOC_ANK_TNKS_1
Q9NWW0	76	79	ELMI001524	LIG	LIG_HCF-1_HBM_1
Q9NY15	2536	2543	ELMI001568	LIG	LIG_PTB_Apo_2
Q9NY61	143	148	ELMI001989	DOC	DOC_WW_Pin1_4
Q9NZ52	388	395	ELMI000504	TRG	TRG_LysEnd_GGAAcLL_2
Q9NZC9	12	27	ELMI002844	LIG	LIG_RPA_C_Vert
Q9P0K1	831	836	ELMI003017	LIG	LIG_14-3-3_CanoR_1
Q9P0K1	851	854	ELMI002070	TRG	TRG_ER_diArg_1
Q9P0K1	854	863	ELMI003016	LIG	LIG_14-3-3_CanoR_1
Q9P0K1	901	906	ELMI002436	LIG	LIG_PDZ_Class_1
Q9P203	1	7	ELMI002340	MOD	MOD_NMyristoyl
Q9P270	575	581	ELMI001947	LIG	LIG_CAP-Gly_2
Q9P2E7	955	960	ELMI004109	LIG	LIG_WRC_WIRS_1
Q9P2E7	1000	1005	ELMI004102	LIG	LIG_WRC_WIRS_1
Q9P2G1	1	7	ELMI002341	MOD	MOD_NMyristoyl
Q9UBC2	564	568	ELMI003705	LIG	LIG_SH2_STAP1
Q9UBC2	599	601	ELMI000887	LIG	LIG_AP2alpha_2
Q9UBC2	618	620	ELMI000888	LIG	LIG_AP2alpha_2
Q9UBC2	624	626	ELMI000889	LIG	LIG_AP2alpha_2
Q9UBC2	629	631	ELMI000890	LIG	LIG_AP2alpha_2
Q9UBC2	640	642	ELMI000891	LIG	LIG_AP2alpha_2
Q9UBC2	645	647	ELMI000892	LIG	LIG_AP2alpha_2
Q9UBC2	656	658	ELMI000893	LIG	LIG_AP2alpha_2
Q9UBC2	661	663	ELMI000894	LIG	LIG_AP2alpha_2
Q9UBC2	667	669	ELMI000895	LIG	LIG_AP2alpha_2
Q9UBC2	685	687	ELMI000896	LIG	LIG_AP2alpha_2
Q9UBC2	690	692	ELMI000897	LIG	LIG_AP2alpha_2
Q9UBC2	703	705	ELMI000898	LIG	LIG_AP2alpha_2
Q9UBC2	709	711	ELMI000899	LIG	LIG_AP2alpha_2
Q9UBC2	722	724	ELMI000900	LIG	LIG_AP2alpha_2
Q9UBC2	728	730	ELMI000901	LIG	LIG_AP2alpha_2
Q9UBC2	768	770	ELMI000902	LIG	LIG_AP2alpha_2
Q9UBC2	812	814	ELMI000903	LIG	LIG_AP2alpha_2
Q9UBC2	823	825	ELMI000904	LIG	LIG_AP2alpha_2
Q9UBC2	833	835	ELMI000905	LIG	LIG_AP2alpha_2
Q9UBC2	839	841	ELMI000906	LIG	LIG_AP2alpha_2
Q9UBK2	143	149	ELMI000787	LIG	LIG_NRBOX
Q9UBK2	254	260	ELMI003075	DOC	DOC_MAPK_JIP1_4
Q9UBP0	7	13	ELMI001349	TRG	TRG_NLS_MonoExtN_4
Q9UBP5	327	337	ELMI000733	LIG	LIG_WRPW_1
Q9UBS0	5	10	ELMI001215	DOC	DOC_WD40_RPTOR_TOS_1
Q9UBS5	923	926	ELMI002074	TRG	TRG_ER_diArg_1
Q9UBT2	586	596	ELMI002806	LIG	LIG_SUMO_SIM_anti_2
Q9UBT2	586	598	ELMI002793	LIG	LIG_SUMO_SIM_par_1
Q9UBT6	565	576	ELMI003487	LIG	LIG_REV1ctd_RIR_1
Q9UBT6	862	869	ELMI003957	LIG	LIG_PCNA_TLS_4
Q9UBZ4	390	399	ELMI003914	LIG	LIG_PCNA_PIPBox_1
Q9UD71	5	12	ELMI001078	DOC	DOC_PP1_RVXF_1
Q9UDY8	470	474	ELMI003710	LIG	LIG_SH2_STAP1
Q9UDY8	802	810	ELMI004509	LIG	LIG_TRAF6_MATH_1
Q9UER7	175	180	ELMI002008	DOC	DOC_WW_Pin1_4
Q9UER7	608	612	ELMI002874	DEG	DEG_SPOP_SBC_1
Q9UER7	680	684	ELMI002875	DEG	DEG_SPOP_SBC_1
Q9UER7	732	740	ELMI002802	LIG	LIG_SUMO_SIM_anti_2
Q9UER7	732	740	ELMI002794	LIG	LIG_SUMO_SIM_par_1
Q9UGH3	52	57	ELMI004251	TRG	TRG_DiLeu_BaEn_1
Q9UGJ0	30	37	ELMI003297	DOC	DOC_MAPK_MEF2A_6
Q9UHB6	374	377	ELMI004346	MOD	MOD_CDC14_SPxK_1
Q9UHB7	252	260	ELMI001103	DEG	DEG_SIAH_1
Q9UHD8	143	148	ELMI004421	LIG	LIG_SH3_CIN85_PxpxPR_1
Q9UHF7	1163	1167	ELMI000257	LIG	LIG_CtBP_PxDLS_1
Q9UHK6	379	382	ELMI000008	TRG	TRG_PTS1
Q9UHP3	90	95	ELMI002795	LIG	LIG_SUMO_SIM_par_1
Q9UIB8	275	282	ELMI000237	LIG	LIG_TYR_ITSM
Q9UIB8	312	319	ELMI000238	LIG	LIG_TYR_ITSM
Q9UIF7	523	532	ELMI003916	LIG	LIG_PCNA_PIPBox_1
Q9UIG0	155	161	ELMI001455	MOD	MOD_ProDKin_1
Q9UIQ6	95	102	ELMI002055	DOC	DOC_ANK_TNKS_1
Q9UJ78	115	124	ELMI002796	LIG	LIG_SUMO_SIM_par_1
Q9UJY1	54	60	ELMI001425	MOD	MOD_PKA_2
Q9UJY4	349	353	ELMI000457	LIG	LIG_Clathr_ClatBox_1
Q9UJY5	355	362	ELMI000503	TRG	TRG_LysEnd_GGAAcLL_2
Q9UKG1	403	415	ELMI002063	LIG	LIG_OCRL_FandH_1
Q9UKN7	423	425	ELMI003500	LIG	LIG_IBAR_NPY_1
Q9UKT4	144	149	ELMI001311	DEG	DEG_SCF_TRCP1_1
Q9UKV0	325	334	ELMI002950	LIG	LIG_ANK_PxLPxL_1
Q9UKY1	536	549	ELMI002797	LIG	LIG_SUMO_SIM_par_1
Q9ULE6	1	7	ELMI002342	MOD	MOD_NMyristoyl
Q9ULG1	1320	1329	ELMI003298	DOC	DOC_MAPK_MEF2A_6
Q9ULH1	1055	1060	ELMI004422	LIG	LIG_SH3_CIN85_PxpxPR_1
Q9ULH4	694	699	ELMI004287	TRG	TRG_DiLeu_BaLyEn_6
Q9ULH7	42	61	ELMI001667	LIG	LIG_Actin_RPEL_3
Q9ULH7	86	105	ELMI001668	LIG	LIG_Actin_RPEL_3
Q9ULH7	130	149	ELMI001669	LIG	LIG_Actin_RPEL_3
Q9ULR5	108	120	ELMI001603	LIG	LIG_PAM2_1
Q9ULV1	494	504	ELMI003677	LIG	LIG_FZD_DVL_PDZ
Q9ULV4	460	466	ELMI003848	MOD	MOD_CK2_1
Q9ULV5	206	214	ELMI003106	DOC	DOC_MAPK_NFAT4_5
Q9UM11	494	496	ELMI002493	DEG	DEG_APCC_TPR_1
Q9UM13	183	185	ELMI002494	DEG	DEG_APCC_TPR_1
Q9UM47	1674	1677	ELMI002959	LIG	LIG_CSL_BTD_1
Q9UMN6	2509	2515	ELMI002648	LIG	LIG_WD40_WDR5_WIN_1
Q9UMZ2	773	779	ELMI000483	LIG	LIG_AP_GAE_1
Q9UN66	767	770	ELMI003935	DOC	DOC_PP4_FxxP_1
Q9UN73	913	918	ELMI004114	LIG	LIG_WRC_WIRS_1
Q9UNA4	446	453	ELMI003958	LIG	LIG_PCNA_TLS_4
Q9UNA4	569	579	ELMI003491	LIG	LIG_REV1ctd_RIR_1
Q9UNN5	294	301	ELMI003576	TRG	TRG_ER_FFAT_1
Q9UP38	620	630	ELMI003672	LIG	LIG_FZD_DVL_PDZ
Q9UPQ9	1476	1489	ELMI002505	LIG	LIG_PAM2_2
Q9UPS6	1746	1752	ELMI002650	LIG	LIG_WD40_WDR5_WIN_1
Q9UPT6	204	210	ELMI003076	DOC	DOC_MAPK_JIP1_4
Q9UPW6	232	235	ELMI000908	MOD	MOD_SUMO_for_1
Q9UPW6	349	352	ELMI000909	MOD	MOD_SUMO_for_1
Q9UPX8	608	610	ELMI003502	LIG	LIG_IBAR_NPY_1
Q9UQ80	353	359	ELMI000788	LIG	LIG_NRBOX
Q9UQ84	503	507	ELMI003613	LIG	LIG_MLH1_MIPbox_1
Q9UQ84	788	797	ELMI003915	LIG	LIG_PCNA_PIPBox_1
Q9UQB3	1223	1225	ELMI003529	LIG	LIG_PDZ_Wminus1_1
Q9UQB8-4	516	521	ELMI002442	LIG	LIG_PDZ_Class_1
Q9UQC2	207	212	ELMI003027	LIG	LIG_14-3-3_CanoR_1
Q9UQC2	389	393	ELMI003015	LIG	LIG_14-3-3_CanoR_1
Q9UQF2	95	99	ELMI001935	CLV	CLV_C14_Caspase3-7
Q9UQF2	160	166	ELMI003088	DOC	DOC_MAPK_JIP1_4
Q9UQF2	334	342	ELMI004482	LIG	LIG_LIR_Gen_1
Q9UQF2	405	409	ELMI001936	CLV	CLV_C14_Caspase3-7
Q9UQF2	707	711	ELMI004048	LIG	LIG_KLC1_Yacidic_2
Q9UQL6	56	60	ELMI000212	LIG	LIG_CtBP_PxDLS_1
Q9UQL6	255	261	ELMI003002	LIG	LIG_14-3-3_CanoR_1
Q9UQL6	367	376	ELMI002948	LIG	LIG_ANK_PxLPxL_1
Q9Y253	481	490	ELMI003489	LIG	LIG_REV1ctd_RIR_1
Q9Y253	529	539	ELMI003490	LIG	LIG_REV1ctd_RIR_1
Q9Y253	701	710	ELMI003917	LIG	LIG_PCNA_PIPBox_1
Q9Y2H2	1010	1016	ELMI003077	DOC	DOC_MAPK_JIP1_4
Q9Y2I6	586	593	ELMI003217	MOD	MOD_CDK_SPxxK_3
Q9Y2N7	490	502	ELMI001222	DEG	DEG_ODPH_VHL_1
Q9Y2Q0	1105	1110	ELMI004264	TRG	TRG_DiLeu_BaEn_1
Q9Y2W1	447	453	ELMI002866	MOD	MOD_SUMO_rev_2
Q9Y2W2	164	169	ELMI002632	DOC	DOC_PP1_SILK_1
Q9Y2X9	790	797	ELMI002885	MOD	MOD_SUMO_rev_2
Q9Y2Y9	9	18	ELMI000640	LIG	LIG_Sin3_2
Q9Y3M2	16	22	ELMI003033	LIG	LIG_14-3-3_CanoR_1
Q9Y3S1	588	597	ELMI002835	DEG	DEG_Kelch_KLHL3_1
Q9Y458	9	17	ELMI000936	LIG	LIG_EH1_1
Q9Y463	267	277	ELMI000140	MOD	MOD_TYR_DYR
Q9Y490	608	626	ELMI003325	LIG	LIG_Vh1_VBS_1
Q9Y4B4	1166	1170	ELMI003648	MOD	MOD_DYRK1A_RPxSP_1
Q9Y4C0	1638	1643	ELMI002288	LIG	LIG_PDZ_Class_2
Q9Y4E1	1003	1020	ELMI004164	LIG	LIG_ActinCP_CPI_1
Q9Y4E5	44	55	ELMI002813	LIG	LIG_SUMO_SIM_anti_2
Q9Y4G2	634	641	ELMI004450	LIG	LIG_LIR_Gen_1
Q9Y4K1	732	737	ELMI003169	DOC	DOC_PP2A_B56_1
Q9Y4P1	10	20	ELMI004489	LIG	LIG_LIR_Gen_1
Q9Y4W2	228	236	ELMI002867	MOD	MOD_SUMO_rev_2
Q9Y543	170	173	ELMI000658	LIG	LIG_WRPW_1
Q9Y566	2016	2022	ELMI003087	DOC	DOC_MAPK_JIP1_4
Q9Y5F6	789	792	ELMI003934	DOC	DOC_PP4_FxxP_1
Q9Y5J3	294	304	ELMI000666	LIG	LIG_WRPW_1
Q9Y5K6	486	503	ELMI004171	LIG	LIG_ActinCP_CPI_1
Q9Y5M8	7	9	ELMI002081	TRG	TRG_ER_diArg_1
Q9Y5P4	319	327	ELMI003554	TRG	TRG_ER_FFAT_1
Q9Y5Q3	31	40	ELMI001240	LIG	LIG_KEPE_3
Q9Y5R5	542	550	ELMI000938	LIG	LIG_EH1_1
Q9Y5U5	239	241	ELMI003546	LIG	LIG_PDZ_Wminus1_1
Q9Y5W3	121	129	ELMI001244	LIG	LIG_KEPE_2
Q9Y5Y6	33	39	ELMI004277	TRG	TRG_DiLeu_BaEn_3
Q9Y618	1113	1117	ELMI002477	LIG	LIG_MYND_2
Q9Y618	1238	1243	ELMI002001	DOC	DOC_WW_Pin1_4
Q9Y618	1441	1446	ELMI002002	DOC	DOC_WW_Pin1_4
Q9Y618	1674	1678	ELMI002478	LIG	LIG_MYND_2
Q9Y618	2143	2151	ELMI000749	LIG	LIG_CORNRBOX
Q9Y618	2350	2358	ELMI000750	LIG	LIG_CORNRBOX
Q9Y6B2	175	187	ELMI003134	LIG	LIG_Rb_LxCxE_1
Q9Y6D9	541	549	ELMI000287	LIG	LIG_MAD2
Q9Y6H5	208	213	ELMI001955	DOC	DOC_WW_Pin1_4
Q9Y6H5	212	217	ELMI001956	DOC	DOC_WW_Pin1_4
Q9Y6I3	402	411	ELMI001209	TRG	TRG_AP2beta_CARGO_1
Q9Y6I3	501	505	ELMI001142	LIG	LIG_EH_1
Q9Y6I3	517	521	ELMI001143	LIG	LIG_EH_1
Q9Y6I3	571	575	ELMI001144	LIG	LIG_EH_1
Q9Y6I9	271	278	ELMI004478	LIG	LIG_LIR_Gen_1
Q9Y6N7	1050	1055	ELMI004105	LIG	LIG_WRC_WIRS_1
Q9Y6N7	1186	1190	ELMI001699	LIG	LIG_EVH1_1
Q9Y6Q6	342	350	ELMI000024	LIG	LIG_TRAF6_MATH_1
Q9Y6Q6	375	383	ELMI000025	LIG	LIG_TRAF6_MATH_1
Q9Y6Q6	451	459	ELMI000026	LIG	LIG_TRAF6_MATH_1
Q9Y6Q9	598	604	ELMI003827	MOD	MOD_CK1_1
Q9Y6Q9	864	871	ELMI003218	MOD	MOD_CDK_SPxxK_3
Q9Y6R0	577	584	ELMI002842	DEG	DEG_MDM2_SWIB_1
Q9Y6R0	594	598	ELMI001135	LIG	LIG_EH_1
Q9Y6R1	1052	1058	ELMI004273	TRG	TRG_DiLeu_BaEn_2
Q9Y6V0	4269	4275	ELMI003084	DOC	DOC_MAPK_JIP1_4
Q9Y6W5	437	453	ELMI001661	LIG	LIG_Actin_WH2_1
Q9Y6W6	19	25	ELMI003078	DOC	DOC_MAPK_JIP1_4
Q9Y6X2	446	451	ELMI002800	LIG	LIG_SUMO_SIM_par_1
Q9Y6X6	24	31	ELMI002740	DOC	DOC_PP1_MyPhoNE_1
