uniprot	str_start	str_end	str_protein_seq	str_gen_seq	slim_start	slim_end	slim_accession	slim_ELMType	slim_ELMIdentifier
P17676	162	170	P,P,P,P,P,P,P,P,P	CCACCGCCCCCGCCGCCGCCGCCGCCC	173	176	ELMI000857	MOD	MOD_SUMO_for_1
P24385	272	280	E,E,E,E,E,E,E,E,E	GAGGAGGAGGAAGAGGAGGAGGAGGAG	289	295	ELMI004149	DEG	DEG_SCF_FBXO31_1
P30291	34	43	E,E,E,E,E,E,E,E,E,E	GAGGAGGAGGAAGAAGAGGAGGAGGAGGAG	50	56	ELMI003377	MOD	MOD_Plk_1
P50616	249	256	P,P,P,P,P,P,P,P	TGGTGGTGGTGGTGGCGGTGGCGG	265	277	ELMI001611	LIG	LIG_PAM2_1
P50616	257	262	Q,Q,Q,Q,Q,Q	CTGCTGTTGTTGCTGCTG	265	277	ELMI001611	LIG	LIG_PAM2_1
P61978	289	294	P,P,P,P,P,P	GGGAGGAGGGGGAGGTGG	297	301	ELMI003469	MOD	MOD_PRMT_GGRGG_1
P61978	310	315	P,P,P,P,P,P	AGGTGGTGGTGGTGGAGG	297	301	ELMI003469	MOD	MOD_PRMT_GGRGG_1
Q14318	36	46	E,E,E,E,E,E,E,E,E,E,E	CTCTTCCTCCTCTTCCTCCTCCTCTTCCTCCTC	23	30	ELMI004466	LIG	LIG_LIR_Gen_1
Q14318	36	46	E,E,E,E,E,E,E,E,E,E,E	CTCTTCCTCCTCTTCCTCCTCCTCTTCCTCCTC	52	56	ELMI002479	LIG	LIG_MYND_3
Q15942	94	99	P,P,P,P,P,P	CCGCCGCCCCCTCCCCCG	93	97	ELMI001691	LIG	LIG_EVH1_1
Q15942	94	99	P,P,P,P,P,P	CCGCCGCCCCCTCCCCCG	104	108	ELMI001688	LIG	LIG_EVH1_1
Q8IZP0	411	418	P,P,P,P,P,P,P,P	TGGTGGTGGTGGTGGGGGAGGTGG	417	421	ELMI000206	LIG	LIG_SH3_5
Q8IZX4	156	162	P,P,P,P,P,P,P	CGGGGGTGGAGGTGGAGGAGG	155	158	ELMI003943	DOC	DOC_PP4_MxPP_1
Q92558	324	330	P,P,P,P,P,P,P	AGGTGGTGGAGGAGGTGGGGG	326	332	ELMI003408	LIG	LIG_PROFILIN_1
Q96AE4	16	26	G,G,G,G,G,G,G,G,G,G,G	TCCTCCACCACCACCGCCGCCACCACCGCCACC	31	41	ELMI002512	LIG	LIG_NBox_RRM_1
Q96BK5	320	325	K,K,K,K,K,K	TTTCTTCTTCTTCTTTTT	314	320	ELMI003367	MOD	MOD_Plk_1
Q9BZL4	13	18	A,A,A,A,A,A	GGCAGCCGCCGCCGCCGC	22	29	ELMI002748	DOC	DOC_PP1_MyPhoNE_1
Q9NWV8	11	18	E,E,E,E,E,E,E,E	GAAGAGGAGGAGGAGGAAGAGGAG	27	34	ELMI002051	DOC	DOC_ANK_TNKS_1
Q9UN73	923	930	K,K,K,K,K,K,K,K	AAGAAAAAGAAGAAAAAGAAGAAG	913	918	ELMI004114	LIG	LIG_WRC_WIRS_1
Q9UQ80	368	373	K,K,K,K,K,K	AAAAAGAAAAAAAAGAAG	353	359	ELMI000788	LIG	LIG_NRBOX
Q9UQL6	47	52	G,G,G,G,G,G	GCCTCCACCCCCACCCCC	56	60	ELMI000212	LIG	LIG_CtBP_PxDLS_1
